"Timestamp";"DeviceId";"Value0";"Scale0";"Unit0";"Description0";"User0";"Timestamp0";"ObisId0"
1519862400;"TIP-00078107-03-02";"568661";1e0;"Wh";"Energy";;0;
1519862403;"TIP-00078155-03-02";"1107637";1e0;"Wh";"Energy";;0;
1519862521;"TIP-00078107-03-02";"568661";1e0;"Wh";"Energy";;0;
1519862522;"TIP-00078155-03-02";"1107637";1e0;"Wh";"Energy";;0;
1519862640;"TIP-00078107-03-02";"568661";1e0;"Wh";"Energy";;0;
1519862642;"TIP-00078155-03-02";"1107637";1e0;"Wh";"Energy";;0;
1519862761;"TIP-00078107-03-02";"568661";1e0;"Wh";"Energy";;0;
1519862762;"TIP-00078155-03-02";"1107637";1e0;"Wh";"Energy";;0;
1519862880;"TIP-00078107-03-02";"568661";1e0;"Wh";"Energy";;0;
1519862882;"TIP-00078155-03-02";"1107637";1e0;"Wh";"Energy";;0;
1519863001;"TIP-00078107-03-02";"568662";1e0;"Wh";"Energy";;0;
1519863002;"TIP-00078155-03-02";"1107637";1e0;"Wh";"Energy";;0;
1519863120;"TIP-00078107-03-02";"568662";1e0;"Wh";"Energy";;0;
1519863122;"TIP-00078155-03-02";"1107637";1e0;"Wh";"Energy";;0;
1519863241;"TIP-00078107-03-02";"568662";1e0;"Wh";"Energy";;0;
1519863242;"TIP-00078155-03-02";"1107637";1e0;"Wh";"Energy";;0;
1519863360;"TIP-00078107-03-02";"568662";1e0;"Wh";"Energy";;0;
1519863362;"TIP-00078155-03-02";"1107637";1e0;"Wh";"Energy";;0;
1519863481;"TIP-00078107-03-02";"568662";1e0;"Wh";"Energy";;0;
1519863482;"TIP-00078155-03-02";"1107637";1e0;"Wh";"Energy";;0;
1519863600;"TIP-00078107-03-02";"568662";1e0;"Wh";"Energy";;0;
1519863602;"TIP-00078155-03-02";"1107637";1e0;"Wh";"Energy";;0;
1519863714;"TIP-00078107-03-02";"568662";1e0;"Wh";"Energy";;0;
1519863715;"TIP-00078155-03-02";"1107637";1e0;"Wh";"Energy";;0;
1519863720;"TIP-00078107-03-02";"568662";1e0;"Wh";"Energy";;0;
1519863722;"TIP-00078155-03-02";"1107637";1e0;"Wh";"Energy";;0;
1519863841;"TIP-00078107-03-02";"568662";1e0;"Wh";"Energy";;0;
1519863842;"TIP-00078155-03-02";"1107637";1e0;"Wh";"Energy";;0;
1519863960;"TIP-00078107-03-02";"568662";1e0;"Wh";"Energy";;0;
1519863962;"TIP-00078155-03-02";"1107637";1e0;"Wh";"Energy";;0;
1519864080;"TIP-00078107-03-02";"568662";1e0;"Wh";"Energy";;0;
1519864082;"TIP-00078155-03-02";"1107637";1e0;"Wh";"Energy";;0;
1519864201;"TIP-00078107-03-02";"568663";1e0;"Wh";"Energy";;0;
1519864202;"TIP-00078155-03-02";"1107637";1e0;"Wh";"Energy";;0;
1519864320;"TIP-00078107-03-02";"568663";1e0;"Wh";"Energy";;0;
1519864322;"TIP-00078155-03-02";"1107637";1e0;"Wh";"Energy";;0;
1519864441;"TIP-00078107-03-02";"568663";1e0;"Wh";"Energy";;0;
1519864442;"TIP-00078155-03-02";"1107637";1e0;"Wh";"Energy";;0;
1519864560;"TIP-00078107-03-02";"568663";1e0;"Wh";"Energy";;0;
1519864562;"TIP-00078155-03-02";"1107637";1e0;"Wh";"Energy";;0;
1519864681;"TIP-00078107-03-02";"568663";1e0;"Wh";"Energy";;0;
1519864682;"TIP-00078155-03-02";"1107638";1e0;"Wh";"Energy";;0;
1519864800;"TIP-00078107-03-02";"568663";1e0;"Wh";"Energy";;0;
1519864802;"TIP-00078155-03-02";"1107638";1e0;"Wh";"Energy";;0;
1519864920;"TIP-00078107-03-02";"568663";1e0;"Wh";"Energy";;0;
1519864921;"TIP-00078155-03-02";"1107638";1e0;"Wh";"Energy";;0;
1519865040;"TIP-00078107-03-02";"568663";1e0;"Wh";"Energy";;0;
1519865042;"TIP-00078155-03-02";"1107638";1e0;"Wh";"Energy";;0;
1519865161;"TIP-00078107-03-02";"568663";1e0;"Wh";"Energy";;0;
1519865162;"TIP-00078155-03-02";"1107638";1e0;"Wh";"Energy";;0;
1519865280;"TIP-00078107-03-02";"568664";1e0;"Wh";"Energy";;0;
1519865282;"TIP-00078155-03-02";"1107638";1e0;"Wh";"Energy";;0;
1519865401;"TIP-00078107-03-02";"568664";1e0;"Wh";"Energy";;0;
1519865402;"TIP-00078155-03-02";"1107638";1e0;"Wh";"Energy";;0;
1519865521;"TIP-00078107-03-02";"568664";1e0;"Wh";"Energy";;0;
1519865522;"TIP-00078155-03-02";"1107638";1e0;"Wh";"Energy";;0;
1519865640;"TIP-00078107-03-02";"568664";1e0;"Wh";"Energy";;0;
1519865642;"TIP-00078155-03-02";"1107638";1e0;"Wh";"Energy";;0;
1519865761;"TIP-00078107-03-02";"568664";1e0;"Wh";"Energy";;0;
1519865762;"TIP-00078155-03-02";"1107638";1e0;"Wh";"Energy";;0;
1519865880;"TIP-00078107-03-02";"568664";1e0;"Wh";"Energy";;0;
1519865881;"TIP-00078155-03-02";"1107638";1e0;"Wh";"Energy";;0;
1519866000;"TIP-00078107-03-02";"568664";1e0;"Wh";"Energy";;0;
1519866002;"TIP-00078155-03-02";"1107638";1e0;"Wh";"Energy";;0;
1519866143;"TIP-00078107-03-02";"568664";1e0;"Wh";"Energy";;0;
1519866144;"TIP-00078155-03-02";"1107638";1e0;"Wh";"Energy";;0;
1519866241;"TIP-00078107-03-02";"568664";1e0;"Wh";"Energy";;0;
1519866242;"TIP-00078155-03-02";"1107638";1e0;"Wh";"Energy";;0;
1519866360;"TIP-00078107-03-02";"568665";1e0;"Wh";"Energy";;0;
1519866362;"TIP-00078155-03-02";"1107638";1e0;"Wh";"Energy";;0;
1519866481;"TIP-00078107-03-02";"568665";1e0;"Wh";"Energy";;0;
1519866482;"TIP-00078155-03-02";"1107638";1e0;"Wh";"Energy";;0;
1519866600;"TIP-00078107-03-02";"568665";1e0;"Wh";"Energy";;0;
1519866602;"TIP-00078155-03-02";"1107638";1e0;"Wh";"Energy";;0;
1519866720;"TIP-00078107-03-02";"568665";1e0;"Wh";"Energy";;0;
1519866722;"TIP-00078155-03-02";"1107638";1e0;"Wh";"Energy";;0;
1519866841;"TIP-00078107-03-02";"568665";1e0;"Wh";"Energy";;0;
1519866842;"TIP-00078155-03-02";"1107639";1e0;"Wh";"Energy";;0;
1519866960;"TIP-00078107-03-02";"568665";1e0;"Wh";"Energy";;0;
1519866962;"TIP-00078155-03-02";"1107639";1e0;"Wh";"Energy";;0;
1519867081;"TIP-00078107-03-02";"568665";1e0;"Wh";"Energy";;0;
1519867082;"TIP-00078155-03-02";"1107639";1e0;"Wh";"Energy";;0;
1519867200;"TIP-00078107-03-02";"568665";1e0;"Wh";"Energy";;0;
1519867202;"TIP-00078155-03-02";"1107639";1e0;"Wh";"Energy";;0;
1519867320;"TIP-00078107-03-02";"568665";1e0;"Wh";"Energy";;0;
1519867322;"TIP-00078155-03-02";"1107639";1e0;"Wh";"Energy";;0;
1519867441;"TIP-00078107-03-02";"568666";1e0;"Wh";"Energy";;0;
1519867442;"TIP-00078155-03-02";"1107639";1e0;"Wh";"Energy";;0;
1519867560;"TIP-00078107-03-02";"568666";1e0;"Wh";"Energy";;0;
1519867562;"TIP-00078155-03-02";"1107639";1e0;"Wh";"Energy";;0;
1519867681;"TIP-00078107-03-02";"568666";1e0;"Wh";"Energy";;0;
1519867682;"TIP-00078155-03-02";"1107639";1e0;"Wh";"Energy";;0;
1519867800;"TIP-00078107-03-02";"568666";1e0;"Wh";"Energy";;0;
1519867802;"TIP-00078155-03-02";"1107639";1e0;"Wh";"Energy";;0;
1519867920;"TIP-00078107-03-02";"568666";1e0;"Wh";"Energy";;0;
1519867921;"TIP-00078155-03-02";"1107639";1e0;"Wh";"Energy";;0;
1519868040;"TIP-00078107-03-02";"568666";1e0;"Wh";"Energy";;0;
1519868042;"TIP-00078155-03-02";"1107639";1e0;"Wh";"Energy";;0;
1519868160;"TIP-00078107-03-02";"568666";1e0;"Wh";"Energy";;0;
1519868161;"TIP-00078155-03-02";"1107639";1e0;"Wh";"Energy";;0;
1519868280;"TIP-00078107-03-02";"568666";1e0;"Wh";"Energy";;0;
1519868282;"TIP-00078155-03-02";"1107639";1e0;"Wh";"Energy";;0;
1519868400;"TIP-00078107-03-02";"568666";1e0;"Wh";"Energy";;0;
1519868402;"TIP-00078155-03-02";"1107639";1e0;"Wh";"Energy";;0;
1519868551;"TIP-00078107-03-02";"568667";1e0;"Wh";"Energy";;0;
1519868552;"TIP-00078155-03-02";"1107639";1e0;"Wh";"Energy";;0;
1519868641;"TIP-00078107-03-02";"568667";1e0;"Wh";"Energy";;0;
1519868642;"TIP-00078155-03-02";"1107639";1e0;"Wh";"Energy";;0;
1519868760;"TIP-00078107-03-02";"568667";1e0;"Wh";"Energy";;0;
1519868762;"TIP-00078155-03-02";"1107639";1e0;"Wh";"Energy";;0;
1519868880;"TIP-00078107-03-02";"568667";1e0;"Wh";"Energy";;0;
1519868881;"TIP-00078155-03-02";"1107639";1e0;"Wh";"Energy";;0;
1519869000;"TIP-00078107-03-02";"568667";1e0;"Wh";"Energy";;0;
1519869002;"TIP-00078155-03-02";"1107640";1e0;"Wh";"Energy";;0;
1519869120;"TIP-00078107-03-02";"568667";1e0;"Wh";"Energy";;0;
1519869122;"TIP-00078155-03-02";"1107640";1e0;"Wh";"Energy";;0;
1519869241;"TIP-00078107-03-02";"568667";1e0;"Wh";"Energy";;0;
1519869242;"TIP-00078155-03-02";"1107640";1e0;"Wh";"Energy";;0;
1519869360;"TIP-00078107-03-02";"568667";1e0;"Wh";"Energy";;0;
1519869362;"TIP-00078155-03-02";"1107640";1e0;"Wh";"Energy";;0;
1519869481;"TIP-00078107-03-02";"568667";1e0;"Wh";"Energy";;0;
1519869482;"TIP-00078155-03-02";"1107640";1e0;"Wh";"Energy";;0;
1519869600;"TIP-00078107-03-02";"568668";1e0;"Wh";"Energy";;0;
1519869602;"TIP-00078155-03-02";"1107640";1e0;"Wh";"Energy";;0;
1519869720;"TIP-00078107-03-02";"568668";1e0;"Wh";"Energy";;0;
1519869722;"TIP-00078155-03-02";"1107640";1e0;"Wh";"Energy";;0;
1519869841;"TIP-00078107-03-02";"568668";1e0;"Wh";"Energy";;0;
1519869842;"TIP-00078155-03-02";"1107640";1e0;"Wh";"Energy";;0;
1519869960;"TIP-00078107-03-02";"568668";1e0;"Wh";"Energy";;0;
1519869962;"TIP-00078155-03-02";"1107640";1e0;"Wh";"Energy";;0;
1519870081;"TIP-00078107-03-02";"568668";1e0;"Wh";"Energy";;0;
1519870082;"TIP-00078155-03-02";"1107640";1e0;"Wh";"Energy";;0;
1519870200;"TIP-00078107-03-02";"568668";1e0;"Wh";"Energy";;0;
1519870202;"TIP-00078155-03-02";"1107640";1e0;"Wh";"Energy";;0;
1519870320;"TIP-00078107-03-02";"568668";1e0;"Wh";"Energy";;0;
1519870322;"TIP-00078155-03-02";"1107640";1e0;"Wh";"Energy";;0;
1519870441;"TIP-00078107-03-02";"568668";1e0;"Wh";"Energy";;0;
1519870442;"TIP-00078155-03-02";"1107640";1e0;"Wh";"Energy";;0;
1519870560;"TIP-00078107-03-02";"568668";1e0;"Wh";"Energy";;0;
1519870562;"TIP-00078155-03-02";"1107640";1e0;"Wh";"Energy";;0;
1519870681;"TIP-00078107-03-02";"568669";1e0;"Wh";"Energy";;0;
1519870682;"TIP-00078155-03-02";"1107640";1e0;"Wh";"Energy";;0;
1519870800;"TIP-00078107-03-02";"568669";1e0;"Wh";"Energy";;0;
1519870802;"TIP-00078155-03-02";"1107640";1e0;"Wh";"Energy";;0;
1519870955;"TIP-00078107-03-02";"568669";1e0;"Wh";"Energy";;0;
1519870956;"TIP-00078155-03-02";"1107640";1e0;"Wh";"Energy";;0;
1519871040;"TIP-00078107-03-02";"568669";1e0;"Wh";"Energy";;0;
1519871042;"TIP-00078155-03-02";"1107640";1e0;"Wh";"Energy";;0;
1519871160;"TIP-00078107-03-02";"568669";1e0;"Wh";"Energy";;0;
1519871162;"TIP-00078155-03-02";"1107640";1e0;"Wh";"Energy";;0;
1519871281;"TIP-00078107-03-02";"568669";1e0;"Wh";"Energy";;0;
1519871282;"TIP-00078155-03-02";"1107641";1e0;"Wh";"Energy";;0;
1519871400;"TIP-00078107-03-02";"568669";1e0;"Wh";"Energy";;0;
1519871402;"TIP-00078155-03-02";"1107641";1e0;"Wh";"Energy";;0;
1519871520;"TIP-00078107-03-02";"568669";1e0;"Wh";"Energy";;0;
1519871522;"TIP-00078155-03-02";"1107641";1e0;"Wh";"Energy";;0;
1519871641;"TIP-00078107-03-02";"568669";1e0;"Wh";"Energy";;0;
1519871642;"TIP-00078155-03-02";"1107641";1e0;"Wh";"Energy";;0;
1519871760;"TIP-00078107-03-02";"568670";1e0;"Wh";"Energy";;0;
1519871762;"TIP-00078155-03-02";"1107641";1e0;"Wh";"Energy";;0;
1519871880;"TIP-00078107-03-02";"568670";1e0;"Wh";"Energy";;0;
1519871881;"TIP-00078155-03-02";"1107641";1e0;"Wh";"Energy";;0;
1519872001;"TIP-00078107-03-02";"568670";1e0;"Wh";"Energy";;0;
1519872002;"TIP-00078155-03-02";"1107641";1e0;"Wh";"Energy";;0;
1519872121;"TIP-00078107-03-02";"568670";1e0;"Wh";"Energy";;0;
1519872122;"TIP-00078155-03-02";"1107641";1e0;"Wh";"Energy";;0;
1519872240;"TIP-00078107-03-02";"568670";1e0;"Wh";"Energy";;0;
1519872242;"TIP-00078155-03-02";"1107641";1e0;"Wh";"Energy";;0;
1519872361;"TIP-00078107-03-02";"568670";1e0;"Wh";"Energy";;0;
1519872362;"TIP-00078155-03-02";"1107641";1e0;"Wh";"Energy";;0;
1519872480;"TIP-00078107-03-02";"568670";1e0;"Wh";"Energy";;0;
1519872482;"TIP-00078155-03-02";"1107641";1e0;"Wh";"Energy";;0;
1519872601;"TIP-00078107-03-02";"568670";1e0;"Wh";"Energy";;0;
1519872602;"TIP-00078155-03-02";"1107641";1e0;"Wh";"Energy";;0;
1519872721;"TIP-00078107-03-02";"568670";1e0;"Wh";"Energy";;0;
1519872722;"TIP-00078155-03-02";"1107641";1e0;"Wh";"Energy";;0;
1519872840;"TIP-00078107-03-02";"568671";1e0;"Wh";"Energy";;0;
1519872842;"TIP-00078155-03-02";"1107641";1e0;"Wh";"Energy";;0;
1519872960;"TIP-00078107-03-02";"568671";1e0;"Wh";"Energy";;0;
1519872961;"TIP-00078155-03-02";"1107641";1e0;"Wh";"Energy";;0;
1519873081;"TIP-00078107-03-02";"568671";1e0;"Wh";"Energy";;0;
1519873082;"TIP-00078155-03-02";"1107641";1e0;"Wh";"Energy";;0;
1519873200;"TIP-00078107-03-02";"568671";1e0;"Wh";"Energy";;0;
1519873202;"TIP-00078155-03-02";"1107641";1e0;"Wh";"Energy";;0;
1519873322;"TIP-00078107-03-02";"568671";1e0;"Wh";"Energy";;0;
1519873323;"TIP-00078155-03-02";"1107641";1e0;"Wh";"Energy";;0;
1519873440;"TIP-00078107-03-02";"568671";1e0;"Wh";"Energy";;0;
1519873441;"TIP-00078155-03-02";"1107642";1e0;"Wh";"Energy";;0;
1519873560;"TIP-00078107-03-02";"568671";1e0;"Wh";"Energy";;0;
1519873562;"TIP-00078155-03-02";"1107642";1e0;"Wh";"Energy";;0;
1519873680;"TIP-00078107-03-02";"568671";1e0;"Wh";"Energy";;0;
1519873682;"TIP-00078155-03-02";"1107642";1e0;"Wh";"Energy";;0;
1519873801;"TIP-00078107-03-02";"568671";1e0;"Wh";"Energy";;0;
1519873802;"TIP-00078155-03-02";"1107642";1e0;"Wh";"Energy";;0;
1519873921;"TIP-00078107-03-02";"568672";1e0;"Wh";"Energy";;0;
1519873922;"TIP-00078155-03-02";"1107642";1e0;"Wh";"Energy";;0;
1519874040;"TIP-00078107-03-02";"568672";1e0;"Wh";"Energy";;0;
1519874042;"TIP-00078155-03-02";"1107642";1e0;"Wh";"Energy";;0;
1519874161;"TIP-00078107-03-02";"568672";1e0;"Wh";"Energy";;0;
1519874162;"TIP-00078155-03-02";"1107642";1e0;"Wh";"Energy";;0;
1519874281;"TIP-00078107-03-02";"568672";1e0;"Wh";"Energy";;0;
1519874282;"TIP-00078155-03-02";"1107642";1e0;"Wh";"Energy";;0;
1519874400;"TIP-00078107-03-02";"568672";1e0;"Wh";"Energy";;0;
1519874402;"TIP-00078155-03-02";"1107642";1e0;"Wh";"Energy";;0;
1519874520;"TIP-00078107-03-02";"568672";1e0;"Wh";"Energy";;0;
1519874522;"TIP-00078155-03-02";"1107642";1e0;"Wh";"Energy";;0;
1519874641;"TIP-00078107-03-02";"568672";1e0;"Wh";"Energy";;0;
1519874642;"TIP-00078155-03-02";"1107642";1e0;"Wh";"Energy";;0;
1519874760;"TIP-00078107-03-02";"568672";1e0;"Wh";"Energy";;0;
1519874762;"TIP-00078155-03-02";"1107642";1e0;"Wh";"Energy";;0;
1519874880;"TIP-00078107-03-02";"568672";1e0;"Wh";"Energy";;0;
1519874882;"TIP-00078155-03-02";"1107642";1e0;"Wh";"Energy";;0;
1519875001;"TIP-00078107-03-02";"568673";1e0;"Wh";"Energy";;0;
1519875002;"TIP-00078155-03-02";"1107642";1e0;"Wh";"Energy";;0;
1519875121;"TIP-00078107-03-02";"568673";1e0;"Wh";"Energy";;0;
1519875122;"TIP-00078155-03-02";"1107642";1e0;"Wh";"Energy";;0;
1519875240;"TIP-00078107-03-02";"568673";1e0;"Wh";"Energy";;0;
1519875242;"TIP-00078155-03-02";"1107642";1e0;"Wh";"Energy";;0;
1519875360;"TIP-00078107-03-02";"568673";1e0;"Wh";"Energy";;0;
1519875362;"TIP-00078155-03-02";"1107642";1e0;"Wh";"Energy";;0;
1519875481;"TIP-00078107-03-02";"568673";1e0;"Wh";"Energy";;0;
1519875482;"TIP-00078155-03-02";"1107642";1e0;"Wh";"Energy";;0;
1519875601;"TIP-00078107-03-02";"568673";1e0;"Wh";"Energy";;0;
1519875602;"TIP-00078155-03-02";"1107643";1e0;"Wh";"Energy";;0;
1519875702;"TIP-00078107-03-02";"568673";1e0;"Wh";"Energy";;0;
1519875703;"TIP-00078155-03-02";"1107643";1e0;"Wh";"Energy";;0;
1519875721;"TIP-00078107-03-02";"568673";1e0;"Wh";"Energy";;0;
1519875722;"TIP-00078155-03-02";"1107643";1e0;"Wh";"Energy";;0;
1519875840;"TIP-00078107-03-02";"568673";1e0;"Wh";"Energy";;0;
1519875842;"TIP-00078155-03-02";"1107643";1e0;"Wh";"Energy";;0;
1519875961;"TIP-00078107-03-02";"568673";1e0;"Wh";"Energy";;0;
1519875962;"TIP-00078155-03-02";"1107643";1e0;"Wh";"Energy";;0;
1519876080;"TIP-00078107-03-02";"568674";1e0;"Wh";"Energy";;0;
1519876082;"TIP-00078155-03-02";"1107643";1e0;"Wh";"Energy";;0;
1519876200;"TIP-00078107-03-02";"568674";1e0;"Wh";"Energy";;0;
1519876202;"TIP-00078155-03-02";"1107643";1e0;"Wh";"Energy";;0;
1519876320;"TIP-00078107-03-02";"568674";1e0;"Wh";"Energy";;0;
1519876322;"TIP-00078155-03-02";"1107643";1e0;"Wh";"Energy";;0;
1519876441;"TIP-00078107-03-02";"568674";1e0;"Wh";"Energy";;0;
1519876442;"TIP-00078155-03-02";"1107643";1e0;"Wh";"Energy";;0;
1519876560;"TIP-00078107-03-02";"568674";1e0;"Wh";"Energy";;0;
1519876562;"TIP-00078155-03-02";"1107643";1e0;"Wh";"Energy";;0;
1519876680;"TIP-00078107-03-02";"568674";1e0;"Wh";"Energy";;0;
1519876682;"TIP-00078155-03-02";"1107643";1e0;"Wh";"Energy";;0;
1519876801;"TIP-00078107-03-02";"568674";1e0;"Wh";"Energy";;0;
1519876802;"TIP-00078155-03-02";"1107643";1e0;"Wh";"Energy";;0;
1519876921;"TIP-00078107-03-02";"568674";1e0;"Wh";"Energy";;0;
1519876922;"TIP-00078155-03-02";"1107643";1e0;"Wh";"Energy";;0;
1519877040;"TIP-00078107-03-02";"568674";1e0;"Wh";"Energy";;0;
1519877042;"TIP-00078155-03-02";"1107643";1e0;"Wh";"Energy";;0;
1519877160;"TIP-00078107-03-02";"568675";1e0;"Wh";"Energy";;0;
1519877162;"TIP-00078155-03-02";"1107643";1e0;"Wh";"Energy";;0;
1519877281;"TIP-00078107-03-02";"568675";1e0;"Wh";"Energy";;0;
1519877282;"TIP-00078155-03-02";"1107643";1e0;"Wh";"Energy";;0;
1519877400;"TIP-00078107-03-02";"568687";1e0;"Wh";"Energy";;0;
1519877402;"TIP-00078155-03-02";"1107643";1e0;"Wh";"Energy";;0;
1519877520;"TIP-00078107-03-02";"568745";1e0;"Wh";"Energy";;0;
1519877522;"TIP-00078155-03-02";"1107643";1e0;"Wh";"Energy";;0;
1519877641;"TIP-00078107-03-02";"568801";1e0;"Wh";"Energy";;0;
1519877642;"TIP-00078155-03-02";"1107643";1e0;"Wh";"Energy";;0;
1519877760;"TIP-00078107-03-02";"568856";1e0;"Wh";"Energy";;0;
1519877762;"TIP-00078155-03-02";"1107643";1e0;"Wh";"Energy";;0;
1519877880;"TIP-00078107-03-02";"568906";1e0;"Wh";"Energy";;0;
1519877882;"TIP-00078155-03-02";"1107644";1e0;"Wh";"Energy";;0;
1519878001;"TIP-00078107-03-02";"568954";1e0;"Wh";"Energy";;0;
1519878002;"TIP-00078155-03-02";"1107644";1e0;"Wh";"Energy";;0;
1519878091;"TIP-00078107-03-02";"568993";1e0;"Wh";"Energy";;0;
1519878092;"TIP-00078155-03-02";"1107644";1e0;"Wh";"Energy";;0;
1519878121;"TIP-00078107-03-02";"569004";1e0;"Wh";"Energy";;0;
1519878122;"TIP-00078155-03-02";"1107644";1e0;"Wh";"Energy";;0;
1519878240;"TIP-00078107-03-02";"569052";1e0;"Wh";"Energy";;0;
1519878242;"TIP-00078155-03-02";"1107644";1e0;"Wh";"Energy";;0;
1519878360;"TIP-00078107-03-02";"569100";1e0;"Wh";"Energy";;0;
1519878362;"TIP-00078155-03-02";"1107644";1e0;"Wh";"Energy";;0;
1519878481;"TIP-00078107-03-02";"569149";1e0;"Wh";"Energy";;0;
1519878482;"TIP-00078155-03-02";"1107644";1e0;"Wh";"Energy";;0;
1519878601;"TIP-00078107-03-02";"569197";1e0;"Wh";"Energy";;0;
1519878602;"TIP-00078155-03-02";"1107644";1e0;"Wh";"Energy";;0;
1519878720;"TIP-00078107-03-02";"569243";1e0;"Wh";"Energy";;0;
1519878722;"TIP-00078155-03-02";"1107644";1e0;"Wh";"Energy";;0;
1519878840;"TIP-00078107-03-02";"569290";1e0;"Wh";"Energy";;0;
1519878842;"TIP-00078155-03-02";"1107644";1e0;"Wh";"Energy";;0;
1519878961;"TIP-00078107-03-02";"569338";1e0;"Wh";"Energy";;0;
1519878962;"TIP-00078155-03-02";"1107644";1e0;"Wh";"Energy";;0;
1519879080;"TIP-00078107-03-02";"569385";1e0;"Wh";"Energy";;0;
1519879082;"TIP-00078155-03-02";"1107644";1e0;"Wh";"Energy";;0;
1519879200;"TIP-00078107-03-02";"569431";1e0;"Wh";"Energy";;0;
1519879202;"TIP-00078155-03-02";"1107644";1e0;"Wh";"Energy";;0;
1519879320;"TIP-00078107-03-02";"569477";1e0;"Wh";"Energy";;0;
1519879322;"TIP-00078155-03-02";"1107644";1e0;"Wh";"Energy";;0;
1519879440;"TIP-00078107-03-02";"569524";1e0;"Wh";"Energy";;0;
1519879442;"TIP-00078155-03-02";"1107644";1e0;"Wh";"Energy";;0;
1519879561;"TIP-00078107-03-02";"569571";1e0;"Wh";"Energy";;0;
1519879562;"TIP-00078155-03-02";"1107644";1e0;"Wh";"Energy";;0;
1519879680;"TIP-00078107-03-02";"569616";1e0;"Wh";"Energy";;0;
1519879682;"TIP-00078155-03-02";"1107644";1e0;"Wh";"Energy";;0;
1519879800;"TIP-00078107-03-02";"569663";1e0;"Wh";"Energy";;0;
1519879802;"TIP-00078155-03-02";"1107644";1e0;"Wh";"Energy";;0;
1519879920;"TIP-00078107-03-02";"569711";1e0;"Wh";"Energy";;0;
1519879922;"TIP-00078155-03-02";"1107644";1e0;"Wh";"Energy";;0;
1519880041;"TIP-00078107-03-02";"569757";1e0;"Wh";"Energy";;0;
1519880042;"TIP-00078155-03-02";"1107644";1e0;"Wh";"Energy";;0;
1519880160;"TIP-00078107-03-02";"569805";1e0;"Wh";"Energy";;0;
1519880162;"TIP-00078155-03-02";"1107644";1e0;"Wh";"Energy";;0;
1519880280;"TIP-00078107-03-02";"569852";1e0;"Wh";"Energy";;0;
1519880282;"TIP-00078155-03-02";"1107645";1e0;"Wh";"Energy";;0;
1519880401;"TIP-00078107-03-02";"569897";1e0;"Wh";"Energy";;0;
1519880402;"TIP-00078155-03-02";"1107645";1e0;"Wh";"Energy";;0;
1519880515;"TIP-00078107-03-02";"569941";1e0;"Wh";"Energy";;0;
1519880516;"TIP-00078155-03-02";"1107645";1e0;"Wh";"Energy";;0;
1519880521;"TIP-00078107-03-02";"569943";1e0;"Wh";"Energy";;0;
1519880522;"TIP-00078155-03-02";"1107645";1e0;"Wh";"Energy";;0;
1519880640;"TIP-00078107-03-02";"569989";1e0;"Wh";"Energy";;0;
1519880642;"TIP-00078155-03-02";"1107645";1e0;"Wh";"Energy";;0;
1519880760;"TIP-00078107-03-02";"570035";1e0;"Wh";"Energy";;0;
1519880762;"TIP-00078155-03-02";"1107645";1e0;"Wh";"Energy";;0;
1519880881;"TIP-00078107-03-02";"570081";1e0;"Wh";"Energy";;0;
1519880882;"TIP-00078155-03-02";"1107645";1e0;"Wh";"Energy";;0;
1519881000;"TIP-00078107-03-02";"570127";1e0;"Wh";"Energy";;0;
1519881002;"TIP-00078155-03-02";"1107645";1e0;"Wh";"Energy";;0;
1519881121;"TIP-00078107-03-02";"570173";1e0;"Wh";"Energy";;0;
1519881122;"TIP-00078155-03-02";"1107645";1e0;"Wh";"Energy";;0;
1519881240;"TIP-00078107-03-02";"570218";1e0;"Wh";"Energy";;0;
1519881242;"TIP-00078155-03-02";"1107645";1e0;"Wh";"Energy";;0;
1519881361;"TIP-00078107-03-02";"570264";1e0;"Wh";"Energy";;0;
1519881362;"TIP-00078155-03-02";"1107645";1e0;"Wh";"Energy";;0;
1519881481;"TIP-00078107-03-02";"570309";1e0;"Wh";"Energy";;0;
1519881482;"TIP-00078155-03-02";"1107645";1e0;"Wh";"Energy";;0;
1519881600;"TIP-00078107-03-02";"570354";1e0;"Wh";"Energy";;0;
1519881602;"TIP-00078155-03-02";"1107645";1e0;"Wh";"Energy";;0;
1519881720;"TIP-00078107-03-02";"570400";1e0;"Wh";"Energy";;0;
1519881722;"TIP-00078155-03-02";"1107645";1e0;"Wh";"Energy";;0;
1519881840;"TIP-00078107-03-02";"570445";1e0;"Wh";"Energy";;0;
1519881842;"TIP-00078155-03-02";"1107645";1e0;"Wh";"Energy";;0;
1519881961;"TIP-00078107-03-02";"570551";1e0;"Wh";"Energy";;0;
1519881962;"TIP-00078155-03-02";"1107645";1e0;"Wh";"Energy";;0;
1519882081;"TIP-00078107-03-02";"570659";1e0;"Wh";"Energy";;0;
1519882082;"TIP-00078155-03-02";"1107645";1e0;"Wh";"Energy";;0;
1519882200;"TIP-00078107-03-02";"570800";1e0;"Wh";"Energy";;0;
1519882202;"TIP-00078155-03-02";"1107645";1e0;"Wh";"Energy";;0;
1519882320;"TIP-00078107-03-02";"570945";1e0;"Wh";"Energy";;0;
1519882322;"TIP-00078155-03-02";"1107645";1e0;"Wh";"Energy";;0;
1519882440;"TIP-00078107-03-02";"571108";1e0;"Wh";"Energy";;0;
1519882442;"TIP-00078155-03-02";"1107645";1e0;"Wh";"Energy";;0;
1519882561;"TIP-00078107-03-02";"571245";1e0;"Wh";"Energy";;0;
1519882562;"TIP-00078155-03-02";"1107645";1e0;"Wh";"Energy";;0;
1519882681;"TIP-00078107-03-02";"571384";1e0;"Wh";"Energy";;0;
1519882682;"TIP-00078155-03-02";"1107645";1e0;"Wh";"Energy";;0;
1519882800;"TIP-00078107-03-02";"571460";1e0;"Wh";"Energy";;0;
1519882802;"TIP-00078155-03-02";"1107645";1e0;"Wh";"Energy";;0;
1519882910;"TIP-00078107-03-02";"571502";1e0;"Wh";"Energy";;0;
1519882911;"TIP-00078155-03-02";"1107645";1e0;"Wh";"Energy";;0;
1519882921;"TIP-00078107-03-02";"571506";1e0;"Wh";"Energy";;0;
1519882922;"TIP-00078155-03-02";"1107645";1e0;"Wh";"Energy";;0;
1519883041;"TIP-00078107-03-02";"571552";1e0;"Wh";"Energy";;0;
1519883042;"TIP-00078155-03-02";"1107646";1e0;"Wh";"Energy";;0;
1519883160;"TIP-00078107-03-02";"571597";1e0;"Wh";"Energy";;0;
1519883162;"TIP-00078155-03-02";"1107646";1e0;"Wh";"Energy";;0;
1519883280;"TIP-00078107-03-02";"571643";1e0;"Wh";"Energy";;0;
1519883282;"TIP-00078155-03-02";"1107646";1e0;"Wh";"Energy";;0;
1519883401;"TIP-00078107-03-02";"571720";1e0;"Wh";"Energy";;0;
1519883402;"TIP-00078155-03-02";"1107646";1e0;"Wh";"Energy";;0;
1519883520;"TIP-00078107-03-02";"571860";1e0;"Wh";"Energy";;0;
1519883522;"TIP-00078155-03-02";"1107646";1e0;"Wh";"Energy";;0;
1519883641;"TIP-00078107-03-02";"572033";1e0;"Wh";"Energy";;0;
1519883642;"TIP-00078155-03-02";"1107646";1e0;"Wh";"Energy";;0;
1519883761;"TIP-00078107-03-02";"572143";1e0;"Wh";"Energy";;0;
1519883762;"TIP-00078155-03-02";"1107646";1e0;"Wh";"Energy";;0;
1519883881;"TIP-00078107-03-02";"572281";1e0;"Wh";"Energy";;0;
1519883882;"TIP-00078155-03-02";"1107646";1e0;"Wh";"Energy";;0;
1519884001;"TIP-00078107-03-02";"572357";1e0;"Wh";"Energy";;0;
1519884002;"TIP-00078155-03-02";"1107646";1e0;"Wh";"Energy";;0;
1519884121;"TIP-00078107-03-02";"572464";1e0;"Wh";"Energy";;0;
1519884122;"TIP-00078155-03-02";"1107646";1e0;"Wh";"Energy";;0;
1519884241;"TIP-00078107-03-02";"572571";1e0;"Wh";"Energy";;0;
1519884242;"TIP-00078155-03-02";"1107646";1e0;"Wh";"Energy";;0;
1519884360;"TIP-00078107-03-02";"572695";1e0;"Wh";"Energy";;0;
1519884362;"TIP-00078155-03-02";"1107646";1e0;"Wh";"Energy";;0;
1519884480;"TIP-00078107-03-02";"572881";1e0;"Wh";"Energy";;0;
1519884482;"TIP-00078155-03-02";"1107646";1e0;"Wh";"Energy";;0;
1519884601;"TIP-00078107-03-02";"573051";1e0;"Wh";"Energy";;0;
1519884602;"TIP-00078155-03-02";"1107646";1e0;"Wh";"Energy";;0;
1519884721;"TIP-00078107-03-02";"573097";1e0;"Wh";"Energy";;0;
1519884722;"TIP-00078155-03-02";"1107646";1e0;"Wh";"Energy";;0;
1519884841;"TIP-00078107-03-02";"573142";1e0;"Wh";"Energy";;0;
1519884842;"TIP-00078155-03-02";"1107646";1e0;"Wh";"Energy";;0;
1519884960;"TIP-00078107-03-02";"573191";1e0;"Wh";"Energy";;0;
1519884962;"TIP-00078155-03-02";"1107646";1e0;"Wh";"Energy";;0;
1519885080;"TIP-00078107-03-02";"573327";1e0;"Wh";"Energy";;0;
1519885082;"TIP-00078155-03-02";"1107646";1e0;"Wh";"Energy";;0;
1519885201;"TIP-00078107-03-02";"573436";1e0;"Wh";"Energy";;0;
1519885202;"TIP-00078155-03-02";"1107646";1e0;"Wh";"Energy";;0;
1519885319;"TIP-00078107-03-02";"573636";1e0;"Wh";"Energy";;0;
1519885320;"TIP-00078155-03-02";"1107646";1e0;"Wh";"Energy";;0;
1519885322;"TIP-00078107-03-02";"573642";1e0;"Wh";"Energy";;0;
1519885440;"TIP-00078107-03-02";"573807";1e0;"Wh";"Energy";;0;
1519885442;"TIP-00078155-03-02";"1107646";1e0;"Wh";"Energy";;0;
1519885561;"TIP-00078107-03-02";"573913";1e0;"Wh";"Energy";;0;
1519885562;"TIP-00078155-03-02";"1107646";1e0;"Wh";"Energy";;0;
1519885681;"TIP-00078107-03-02";"573958";1e0;"Wh";"Energy";;0;
1519885682;"TIP-00078155-03-02";"1107646";1e0;"Wh";"Energy";;0;
1519885800;"TIP-00078107-03-02";"574003";1e0;"Wh";"Energy";;0;
1519885802;"TIP-00078155-03-02";"1107646";1e0;"Wh";"Energy";;0;
1519885921;"TIP-00078107-03-02";"574049";1e0;"Wh";"Energy";;0;
1519885922;"TIP-00078155-03-02";"1107646";1e0;"Wh";"Energy";;0;
1519886040;"TIP-00078107-03-02";"574095";1e0;"Wh";"Energy";;0;
1519886042;"TIP-00078155-03-02";"1107647";1e0;"Wh";"Energy";;0;
1519886160;"TIP-00078107-03-02";"574171";1e0;"Wh";"Energy";;0;
1519886162;"TIP-00078155-03-02";"1107647";1e0;"Wh";"Energy";;0;
1519886281;"TIP-00078107-03-02";"574278";1e0;"Wh";"Energy";;0;
1519886282;"TIP-00078155-03-02";"1107647";1e0;"Wh";"Energy";;0;
1519886401;"TIP-00078107-03-02";"574445";1e0;"Wh";"Energy";;0;
1519886402;"TIP-00078155-03-02";"1107647";1e0;"Wh";"Energy";;0;
1519886521;"TIP-00078107-03-02";"574582";1e0;"Wh";"Energy";;0;
1519886522;"TIP-00078155-03-02";"1107647";1e0;"Wh";"Energy";;0;
1519886641;"TIP-00078107-03-02";"574778";1e0;"Wh";"Energy";;0;
1519886642;"TIP-00078155-03-02";"1107647";1e0;"Wh";"Energy";;0;
1519886760;"TIP-00078107-03-02";"574853";1e0;"Wh";"Energy";;0;
1519886762;"TIP-00078155-03-02";"1107647";1e0;"Wh";"Energy";;0;
1519886880;"TIP-00078107-03-02";"574899";1e0;"Wh";"Energy";;0;
1519886882;"TIP-00078155-03-02";"1107647";1e0;"Wh";"Energy";;0;
1519887000;"TIP-00078107-03-02";"574973";1e0;"Wh";"Energy";;0;
1519887002;"TIP-00078155-03-02";"1107647";1e0;"Wh";"Energy";;0;
1519887120;"TIP-00078107-03-02";"575018";1e0;"Wh";"Energy";;0;
1519887122;"TIP-00078155-03-02";"1107647";1e0;"Wh";"Energy";;0;
1519887240;"TIP-00078107-03-02";"575062";1e0;"Wh";"Energy";;0;
1519887242;"TIP-00078155-03-02";"1107647";1e0;"Wh";"Energy";;0;
1519887361;"TIP-00078107-03-02";"575106";1e0;"Wh";"Energy";;0;
1519887362;"TIP-00078155-03-02";"1107647";1e0;"Wh";"Energy";;0;
1519887480;"TIP-00078107-03-02";"575150";1e0;"Wh";"Energy";;0;
1519887482;"TIP-00078155-03-02";"1107648";1e0;"Wh";"Energy";;0;
1519887601;"TIP-00078107-03-02";"575195";1e0;"Wh";"Energy";;0;
1519887602;"TIP-00078155-03-02";"1107686";1e0;"Wh";"Energy";;0;
1519887693;"TIP-00078107-03-02";"575260";1e0;"Wh";"Energy";;0;
1519887694;"TIP-00078155-03-02";"1107715";1e0;"Wh";"Energy";;0;
1519887720;"TIP-00078107-03-02";"575300";1e0;"Wh";"Energy";;0;
1519887722;"TIP-00078155-03-02";"1107724";1e0;"Wh";"Energy";;0;
1519887841;"TIP-00078107-03-02";"575438";1e0;"Wh";"Energy";;0;
1519887842;"TIP-00078155-03-02";"1107761";1e0;"Wh";"Energy";;0;
1519887961;"TIP-00078107-03-02";"575550";1e0;"Wh";"Energy";;0;
1519887962;"TIP-00078155-03-02";"1107799";1e0;"Wh";"Energy";;0;
1519888080;"TIP-00078107-03-02";"575683";1e0;"Wh";"Energy";;0;
1519888082;"TIP-00078155-03-02";"1107838";1e0;"Wh";"Energy";;0;
1519888200;"TIP-00078107-03-02";"575758";1e0;"Wh";"Energy";;0;
1519888202;"TIP-00078155-03-02";"1107876";1e0;"Wh";"Energy";;0;
1519888320;"TIP-00078107-03-02";"575863";1e0;"Wh";"Energy";;0;
1519888322;"TIP-00078155-03-02";"1107914";1e0;"Wh";"Energy";;0;
1519888440;"TIP-00078107-03-02";"575968";1e0;"Wh";"Energy";;0;
1519888442;"TIP-00078155-03-02";"1107953";1e0;"Wh";"Energy";;0;
1519888561;"TIP-00078107-03-02";"576012";1e0;"Wh";"Energy";;0;
1519888562;"TIP-00078155-03-02";"1107990";1e0;"Wh";"Energy";;0;
1519888681;"TIP-00078107-03-02";"576056";1e0;"Wh";"Energy";;0;
1519888682;"TIP-00078155-03-02";"1108028";1e0;"Wh";"Energy";;0;
1519888800;"TIP-00078107-03-02";"576100";1e0;"Wh";"Energy";;0;
1519888802;"TIP-00078155-03-02";"1108066";1e0;"Wh";"Energy";;0;
1519888921;"TIP-00078107-03-02";"576144";1e0;"Wh";"Energy";;0;
1519888922;"TIP-00078155-03-02";"1108104";1e0;"Wh";"Energy";;0;
1519889040;"TIP-00078107-03-02";"576252";1e0;"Wh";"Energy";;0;
1519889042;"TIP-00078155-03-02";"1108143";1e0;"Wh";"Energy";;0;
1519889160;"TIP-00078107-03-02";"576418";1e0;"Wh";"Energy";;0;
1519889162;"TIP-00078155-03-02";"1108181";1e0;"Wh";"Energy";;0;
1519889280;"TIP-00078107-03-02";"576554";1e0;"Wh";"Energy";;0;
1519889282;"TIP-00078155-03-02";"1108210";1e0;"Wh";"Energy";;0;
1519889401;"TIP-00078107-03-02";"576728";1e0;"Wh";"Energy";;0;
1519889402;"TIP-00078155-03-02";"1108249";1e0;"Wh";"Energy";;0;
1519889520;"TIP-00078107-03-02";"576837";1e0;"Wh";"Energy";;0;
1519889522;"TIP-00078155-03-02";"1108265";1e0;"Wh";"Energy";;0;
1519889641;"TIP-00078107-03-02";"576946";1e0;"Wh";"Energy";;0;
1519889642;"TIP-00078155-03-02";"1108265";1e0;"Wh";"Energy";;0;
1519889761;"TIP-00078107-03-02";"577117";1e0;"Wh";"Energy";;0;
1519889762;"TIP-00078155-03-02";"1108265";1e0;"Wh";"Energy";;0;
1519889880;"TIP-00078107-03-02";"577283";1e0;"Wh";"Energy";;0;
1519889882;"TIP-00078155-03-02";"1108265";1e0;"Wh";"Energy";;0;
1519890000;"TIP-00078107-03-02";"577450";1e0;"Wh";"Energy";;0;
1519890002;"TIP-00078155-03-02";"1108265";1e0;"Wh";"Energy";;0;
1519890098;"TIP-00078107-03-02";"577518";1e0;"Wh";"Energy";;0;
1519890099;"TIP-00078155-03-02";"1108265";1e0;"Wh";"Energy";;0;
1519890120;"TIP-00078107-03-02";"577526";1e0;"Wh";"Energy";;0;
1519890122;"TIP-00078155-03-02";"1108265";1e0;"Wh";"Energy";;0;
1519890241;"TIP-00078107-03-02";"577603";1e0;"Wh";"Energy";;0;
1519890242;"TIP-00078155-03-02";"1108265";1e0;"Wh";"Energy";;0;
1519890361;"TIP-00078107-03-02";"577836";1e0;"Wh";"Energy";;0;
1519890362;"TIP-00078155-03-02";"1108265";1e0;"Wh";"Energy";;0;
1519890481;"TIP-00078107-03-02";"578069";1e0;"Wh";"Energy";;0;
1519890482;"TIP-00078155-03-02";"1108265";1e0;"Wh";"Energy";;0;
1519890600;"TIP-00078107-03-02";"578242";1e0;"Wh";"Energy";;0;
1519890602;"TIP-00078155-03-02";"1108265";1e0;"Wh";"Energy";;0;
1519890721;"TIP-00078107-03-02";"578319";1e0;"Wh";"Energy";;0;
1519890722;"TIP-00078155-03-02";"1108265";1e0;"Wh";"Energy";;0;
1519890841;"TIP-00078107-03-02";"578428";1e0;"Wh";"Energy";;0;
1519890842;"TIP-00078155-03-02";"1108265";1e0;"Wh";"Energy";;0;
1519890960;"TIP-00078107-03-02";"578615";1e0;"Wh";"Energy";;0;
1519890962;"TIP-00078155-03-02";"1108265";1e0;"Wh";"Energy";;0;
1519891080;"TIP-00078107-03-02";"578830";1e0;"Wh";"Energy";;0;
1519891082;"TIP-00078155-03-02";"1108265";1e0;"Wh";"Energy";;0;
1519891200;"TIP-00078107-03-02";"578995";1e0;"Wh";"Energy";;0;
1519891202;"TIP-00078155-03-02";"1108265";1e0;"Wh";"Energy";;0;
1519891320;"TIP-00078107-03-02";"579040";1e0;"Wh";"Energy";;0;
1519891322;"TIP-00078155-03-02";"1108265";1e0;"Wh";"Energy";;0;
1519891440;"TIP-00078107-03-02";"579084";1e0;"Wh";"Energy";;0;
1519891442;"TIP-00078155-03-02";"1108265";1e0;"Wh";"Energy";;0;
1519891560;"TIP-00078107-03-02";"579129";1e0;"Wh";"Energy";;0;
1519891562;"TIP-00078155-03-02";"1108265";1e0;"Wh";"Energy";;0;
1519891681;"TIP-00078107-03-02";"579208";1e0;"Wh";"Energy";;0;
1519891682;"TIP-00078155-03-02";"1108265";1e0;"Wh";"Energy";;0;
1519891801;"TIP-00078107-03-02";"579253";1e0;"Wh";"Energy";;0;
1519891802;"TIP-00078155-03-02";"1108265";1e0;"Wh";"Energy";;0;
1519891920;"TIP-00078107-03-02";"579329";1e0;"Wh";"Energy";;0;
1519891922;"TIP-00078155-03-02";"1108265";1e0;"Wh";"Energy";;0;
1519892041;"TIP-00078107-03-02";"579532";1e0;"Wh";"Energy";;0;
1519892042;"TIP-00078155-03-02";"1108265";1e0;"Wh";"Energy";;0;
1519892161;"TIP-00078107-03-02";"579673";1e0;"Wh";"Energy";;0;
1519892162;"TIP-00078155-03-02";"1108265";1e0;"Wh";"Energy";;0;
1519892280;"TIP-00078107-03-02";"579845";1e0;"Wh";"Energy";;0;
1519892282;"TIP-00078155-03-02";"1108265";1e0;"Wh";"Energy";;0;
1519892400;"TIP-00078107-03-02";"579952";1e0;"Wh";"Energy";;0;
1519892402;"TIP-00078155-03-02";"1108265";1e0;"Wh";"Energy";;0;
1519892520;"TIP-00078107-03-02";"580033";1e0;"Wh";"Energy";;0;
1519892521;"TIP-00078155-03-02";"1108265";1e0;"Wh";"Energy";;0;
1519892523;"TIP-00078107-03-02";"580035";1e0;"Wh";"Energy";;0;
1519892640;"TIP-00078107-03-02";"580237";1e0;"Wh";"Energy";;0;
1519892642;"TIP-00078155-03-02";"1108265";1e0;"Wh";"Energy";;0;
1519892760;"TIP-00078107-03-02";"580409";1e0;"Wh";"Energy";;0;
1519892762;"TIP-00078155-03-02";"1108265";1e0;"Wh";"Energy";;0;
1519892881;"TIP-00078107-03-02";"580485";1e0;"Wh";"Energy";;0;
1519892882;"TIP-00078155-03-02";"1108265";1e0;"Wh";"Energy";;0;
1519893001;"TIP-00078107-03-02";"580563";1e0;"Wh";"Energy";;0;
1519893002;"TIP-00078155-03-02";"1108266";1e0;"Wh";"Energy";;0;
1519893120;"TIP-00078107-03-02";"580700";1e0;"Wh";"Energy";;0;
1519893122;"TIP-00078155-03-02";"1108266";1e0;"Wh";"Energy";;0;
1519893241;"TIP-00078107-03-02";"580744";1e0;"Wh";"Energy";;0;
1519893242;"TIP-00078155-03-02";"1108266";1e0;"Wh";"Energy";;0;
1519893361;"TIP-00078107-03-02";"580788";1e0;"Wh";"Energy";;0;
1519893362;"TIP-00078155-03-02";"1108266";1e0;"Wh";"Energy";;0;
1519893481;"TIP-00078107-03-02";"580832";1e0;"Wh";"Energy";;0;
1519893482;"TIP-00078155-03-02";"1108266";1e0;"Wh";"Energy";;0;
1519893601;"TIP-00078107-03-02";"580877";1e0;"Wh";"Energy";;0;
1519893602;"TIP-00078155-03-02";"1108266";1e0;"Wh";"Energy";;0;
1519893720;"TIP-00078107-03-02";"580953";1e0;"Wh";"Energy";;0;
1519893722;"TIP-00078155-03-02";"1108266";1e0;"Wh";"Energy";;0;
1519893841;"TIP-00078107-03-02";"581126";1e0;"Wh";"Energy";;0;
1519893842;"TIP-00078155-03-02";"1108266";1e0;"Wh";"Energy";;0;
1519893961;"TIP-00078107-03-02";"581299";1e0;"Wh";"Energy";;0;
1519893962;"TIP-00078155-03-02";"1108266";1e0;"Wh";"Energy";;0;
1519894080;"TIP-00078107-03-02";"581478";1e0;"Wh";"Energy";;0;
1519894082;"TIP-00078155-03-02";"1108266";1e0;"Wh";"Energy";;0;
1519894200;"TIP-00078107-03-02";"581582";1e0;"Wh";"Energy";;0;
1519894202;"TIP-00078155-03-02";"1108266";1e0;"Wh";"Energy";;0;
1519894321;"TIP-00078107-03-02";"581628";1e0;"Wh";"Energy";;0;
1519894322;"TIP-00078155-03-02";"1108266";1e0;"Wh";"Energy";;0;
1519894441;"TIP-00078107-03-02";"581796";1e0;"Wh";"Energy";;0;
1519894442;"TIP-00078155-03-02";"1108266";1e0;"Wh";"Energy";;0;
1519894560;"TIP-00078107-03-02";"581977";1e0;"Wh";"Energy";;0;
1519894562;"TIP-00078155-03-02";"1108266";1e0;"Wh";"Energy";;0;
1519894680;"TIP-00078107-03-02";"582149";1e0;"Wh";"Energy";;0;
1519894682;"TIP-00078155-03-02";"1108266";1e0;"Wh";"Energy";;0;
1519894800;"TIP-00078107-03-02";"582257";1e0;"Wh";"Energy";;0;
1519894802;"TIP-00078155-03-02";"1108266";1e0;"Wh";"Energy";;0;
1519894897;"TIP-00078107-03-02";"582294";1e0;"Wh";"Energy";;0;
1519894898;"TIP-00078155-03-02";"1108266";1e0;"Wh";"Energy";;0;
1519894920;"TIP-00078107-03-02";"582303";1e0;"Wh";"Energy";;0;
1519894922;"TIP-00078155-03-02";"1108266";1e0;"Wh";"Energy";;0;
1519895040;"TIP-00078107-03-02";"582348";1e0;"Wh";"Energy";;0;
1519895042;"TIP-00078155-03-02";"1108266";1e0;"Wh";"Energy";;0;
1519895160;"TIP-00078107-03-02";"582393";1e0;"Wh";"Energy";;0;
1519895162;"TIP-00078155-03-02";"1108266";1e0;"Wh";"Energy";;0;
1519895281;"TIP-00078107-03-02";"582485";1e0;"Wh";"Energy";;0;
1519895282;"TIP-00078155-03-02";"1108266";1e0;"Wh";"Energy";;0;
1519895401;"TIP-00078107-03-02";"582675";1e0;"Wh";"Energy";;0;
1519895402;"TIP-00078155-03-02";"1108266";1e0;"Wh";"Energy";;0;
1519895520;"TIP-00078107-03-02";"582847";1e0;"Wh";"Energy";;0;
1519895522;"TIP-00078155-03-02";"1108266";1e0;"Wh";"Energy";;0;
1519895640;"TIP-00078107-03-02";"582924";1e0;"Wh";"Energy";;0;
1519895642;"TIP-00078155-03-02";"1108266";1e0;"Wh";"Energy";;0;
1519895761;"TIP-00078107-03-02";"583001";1e0;"Wh";"Energy";;0;
1519895762;"TIP-00078155-03-02";"1108266";1e0;"Wh";"Energy";;0;
1519895881;"TIP-00078107-03-02";"583078";1e0;"Wh";"Energy";;0;
1519895882;"TIP-00078155-03-02";"1108266";1e0;"Wh";"Energy";;0;
1519896001;"TIP-00078107-03-02";"583122";1e0;"Wh";"Energy";;0;
1519896002;"TIP-00078155-03-02";"1108266";1e0;"Wh";"Energy";;0;
1519896120;"TIP-00078107-03-02";"583168";1e0;"Wh";"Energy";;0;
1519896122;"TIP-00078155-03-02";"1108266";1e0;"Wh";"Energy";;0;
1519896241;"TIP-00078107-03-02";"583309";1e0;"Wh";"Energy";;0;
1519896242;"TIP-00078155-03-02";"1108269";1e0;"Wh";"Energy";;0;
1519896360;"TIP-00078107-03-02";"583355";1e0;"Wh";"Energy";;0;
1519896362;"TIP-00078155-03-02";"1108272";1e0;"Wh";"Energy";;0;
1519896481;"TIP-00078107-03-02";"583401";1e0;"Wh";"Energy";;0;
1519896482;"TIP-00078155-03-02";"1108274";1e0;"Wh";"Energy";;0;
1519896601;"TIP-00078107-03-02";"583479";1e0;"Wh";"Energy";;0;
1519896602;"TIP-00078155-03-02";"1108277";1e0;"Wh";"Energy";;0;
1519896720;"TIP-00078107-03-02";"583658";1e0;"Wh";"Energy";;0;
1519896722;"TIP-00078155-03-02";"1108296";1e0;"Wh";"Energy";;0;
1519896840;"TIP-00078107-03-02";"583858";1e0;"Wh";"Energy";;0;
1519896842;"TIP-00078155-03-02";"1108334";1e0;"Wh";"Energy";;0;
1519896960;"TIP-00078107-03-02";"584022";1e0;"Wh";"Energy";;0;
1519896962;"TIP-00078155-03-02";"1108372";1e0;"Wh";"Energy";;0;
1519897080;"TIP-00078107-03-02";"584139";1e0;"Wh";"Energy";;0;
1519897082;"TIP-00078155-03-02";"1108410";1e0;"Wh";"Energy";;0;
1519897201;"TIP-00078107-03-02";"584185";1e0;"Wh";"Energy";;0;
1519897202;"TIP-00078155-03-02";"1108449";1e0;"Wh";"Energy";;0;
1519897365;"TIP-00078107-03-02";"584246";1e0;"Wh";"Energy";;0;
1519897367;"TIP-00078155-03-02";"1108481";1e0;"Wh";"Energy";;0;
1519897441;"TIP-00078107-03-02";"584275";1e0;"Wh";"Energy";;0;
1519897442;"TIP-00078155-03-02";"1108505";1e0;"Wh";"Energy";;0;
1519897560;"TIP-00078107-03-02";"584320";1e0;"Wh";"Energy";;0;
1519897562;"TIP-00078155-03-02";"1108543";1e0;"Wh";"Energy";;0;
1519897680;"TIP-00078107-03-02";"584364";1e0;"Wh";"Energy";;0;
1519897682;"TIP-00078155-03-02";"1108580";1e0;"Wh";"Energy";;0;
1519897800;"TIP-00078107-03-02";"584409";1e0;"Wh";"Energy";;0;
1519897802;"TIP-00078155-03-02";"1108599";1e0;"Wh";"Energy";;0;
1519897921;"TIP-00078107-03-02";"584454";1e0;"Wh";"Energy";;0;
1519897922;"TIP-00078155-03-02";"1108599";1e0;"Wh";"Energy";;0;
1519898041;"TIP-00078107-03-02";"584499";1e0;"Wh";"Energy";;0;
1519898042;"TIP-00078155-03-02";"1108599";1e0;"Wh";"Energy";;0;
1519898161;"TIP-00078107-03-02";"584544";1e0;"Wh";"Energy";;0;
1519898162;"TIP-00078155-03-02";"1108599";1e0;"Wh";"Energy";;0;
1519898281;"TIP-00078107-03-02";"584589";1e0;"Wh";"Energy";;0;
1519898282;"TIP-00078155-03-02";"1108599";1e0;"Wh";"Energy";;0;
1519898401;"TIP-00078107-03-02";"584634";1e0;"Wh";"Energy";;0;
1519898402;"TIP-00078155-03-02";"1108599";1e0;"Wh";"Energy";;0;
1519898520;"TIP-00078107-03-02";"584680";1e0;"Wh";"Energy";;0;
1519898522;"TIP-00078155-03-02";"1108599";1e0;"Wh";"Energy";;0;
1519898640;"TIP-00078107-03-02";"584725";1e0;"Wh";"Energy";;0;
1519898642;"TIP-00078155-03-02";"1108599";1e0;"Wh";"Energy";;0;
1519898760;"TIP-00078107-03-02";"584869";1e0;"Wh";"Energy";;0;
1519898762;"TIP-00078155-03-02";"1108599";1e0;"Wh";"Energy";;0;
1519898880;"TIP-00078107-03-02";"585050";1e0;"Wh";"Energy";;0;
1519898882;"TIP-00078155-03-02";"1108599";1e0;"Wh";"Energy";;0;
1519899001;"TIP-00078107-03-02";"585127";1e0;"Wh";"Energy";;0;
1519899002;"TIP-00078155-03-02";"1108599";1e0;"Wh";"Energy";;0;
1519899120;"TIP-00078107-03-02";"585284";1e0;"Wh";"Energy";;0;
1519899122;"TIP-00078155-03-02";"1108599";1e0;"Wh";"Energy";;0;
1519899240;"TIP-00078107-03-02";"585442";1e0;"Wh";"Energy";;0;
1519899242;"TIP-00078155-03-02";"1108599";1e0;"Wh";"Energy";;0;
1519899360;"TIP-00078107-03-02";"585519";1e0;"Wh";"Energy";;0;
1519899362;"TIP-00078155-03-02";"1108599";1e0;"Wh";"Energy";;0;
1519899480;"TIP-00078107-03-02";"585564";1e0;"Wh";"Energy";;0;
1519899482;"TIP-00078155-03-02";"1108599";1e0;"Wh";"Energy";;0;
1519899600;"TIP-00078107-03-02";"585609";1e0;"Wh";"Energy";;0;
1519899602;"TIP-00078155-03-02";"1108599";1e0;"Wh";"Energy";;0;
1519899712;"TIP-00078107-03-02";"585739";1e0;"Wh";"Energy";;0;
1519899713;"TIP-00078155-03-02";"1108599";1e0;"Wh";"Energy";;0;
1519899720;"TIP-00078107-03-02";"585750";1e0;"Wh";"Energy";;0;
1519899722;"TIP-00078155-03-02";"1108599";1e0;"Wh";"Energy";;0;
1519899840;"TIP-00078107-03-02";"585923";1e0;"Wh";"Energy";;0;
1519899842;"TIP-00078155-03-02";"1108599";1e0;"Wh";"Energy";;0;
1519899960;"TIP-00078107-03-02";"586095";1e0;"Wh";"Energy";;0;
1519899962;"TIP-00078155-03-02";"1108599";1e0;"Wh";"Energy";;0;
1519900080;"TIP-00078107-03-02";"586236";1e0;"Wh";"Energy";;0;
1519900082;"TIP-00078155-03-02";"1108600";1e0;"Wh";"Energy";;0;
1519900200;"TIP-00078107-03-02";"586281";1e0;"Wh";"Energy";;0;
1519900202;"TIP-00078155-03-02";"1108600";1e0;"Wh";"Energy";;0;
1519900320;"TIP-00078107-03-02";"586327";1e0;"Wh";"Energy";;0;
1519900322;"TIP-00078155-03-02";"1108600";1e0;"Wh";"Energy";;0;
1519900440;"TIP-00078107-03-02";"586499";1e0;"Wh";"Energy";;0;
1519900442;"TIP-00078155-03-02";"1108600";1e0;"Wh";"Energy";;0;
1519900560;"TIP-00078107-03-02";"586704";1e0;"Wh";"Energy";;0;
1519900562;"TIP-00078155-03-02";"1108600";1e0;"Wh";"Energy";;0;
1519900680;"TIP-00078107-03-02";"586844";1e0;"Wh";"Energy";;0;
1519900682;"TIP-00078155-03-02";"1108600";1e0;"Wh";"Energy";;0;
1519900800;"TIP-00078107-03-02";"586952";1e0;"Wh";"Energy";;0;
1519900802;"TIP-00078155-03-02";"1108600";1e0;"Wh";"Energy";;0;
1519900921;"TIP-00078107-03-02";"586997";1e0;"Wh";"Energy";;0;
1519900922;"TIP-00078155-03-02";"1108600";1e0;"Wh";"Energy";;0;
1519901041;"TIP-00078107-03-02";"587042";1e0;"Wh";"Energy";;0;
1519901042;"TIP-00078155-03-02";"1108600";1e0;"Wh";"Energy";;0;
1519901161;"TIP-00078107-03-02";"587087";1e0;"Wh";"Energy";;0;
1519901162;"TIP-00078155-03-02";"1108600";1e0;"Wh";"Energy";;0;
1519901281;"TIP-00078107-03-02";"587133";1e0;"Wh";"Energy";;0;
1519901282;"TIP-00078155-03-02";"1108600";1e0;"Wh";"Energy";;0;
1519901401;"TIP-00078107-03-02";"587341";1e0;"Wh";"Energy";;0;
1519901402;"TIP-00078155-03-02";"1108600";1e0;"Wh";"Energy";;0;
1519901520;"TIP-00078107-03-02";"587547";1e0;"Wh";"Energy";;0;
1519901522;"TIP-00078155-03-02";"1108631";1e0;"Wh";"Energy";;0;
1519901640;"TIP-00078107-03-02";"587717";1e0;"Wh";"Energy";;0;
1519901642;"TIP-00078155-03-02";"1108669";1e0;"Wh";"Energy";;0;
1519901760;"TIP-00078107-03-02";"587763";1e0;"Wh";"Energy";;0;
1519901762;"TIP-00078155-03-02";"1108707";1e0;"Wh";"Energy";;0;
1519901880;"TIP-00078107-03-02";"587809";1e0;"Wh";"Energy";;0;
1519901882;"TIP-00078155-03-02";"1108781";1e0;"Wh";"Energy";;0;
1519902000;"TIP-00078107-03-02";"587887";1e0;"Wh";"Energy";;0;
1519902002;"TIP-00078155-03-02";"1108819";1e0;"Wh";"Energy";;0;
1519902133;"TIP-00078107-03-02";"587938";1e0;"Wh";"Energy";;0;
1519902135;"TIP-00078155-03-02";"1108862";1e0;"Wh";"Energy";;0;
1519902241;"TIP-00078107-03-02";"587979";1e0;"Wh";"Energy";;0;
1519902242;"TIP-00078155-03-02";"1108896";1e0;"Wh";"Energy";;0;
1519902361;"TIP-00078107-03-02";"588025";1e0;"Wh";"Energy";;0;
1519902362;"TIP-00078155-03-02";"1108935";1e0;"Wh";"Energy";;0;
1519902481;"TIP-00078107-03-02";"588070";1e0;"Wh";"Energy";;0;
1519902482;"TIP-00078155-03-02";"1108973";1e0;"Wh";"Energy";;0;
1519902601;"TIP-00078107-03-02";"588116";1e0;"Wh";"Energy";;0;
1519902602;"TIP-00078155-03-02";"1109012";1e0;"Wh";"Energy";;0;
1519902721;"TIP-00078107-03-02";"588162";1e0;"Wh";"Energy";;0;
1519902722;"TIP-00078155-03-02";"1109050";1e0;"Wh";"Energy";;0;
1519902841;"TIP-00078107-03-02";"588208";1e0;"Wh";"Energy";;0;
1519902842;"TIP-00078155-03-02";"1109088";1e0;"Wh";"Energy";;0;
1519902960;"TIP-00078107-03-02";"588385";1e0;"Wh";"Energy";;0;
1519902962;"TIP-00078155-03-02";"1109126";1e0;"Wh";"Energy";;0;
1519903080;"TIP-00078107-03-02";"588594";1e0;"Wh";"Energy";;0;
1519903082;"TIP-00078155-03-02";"1109126";1e0;"Wh";"Energy";;0;
1519903200;"TIP-00078107-03-02";"588732";1e0;"Wh";"Energy";;0;
1519903202;"TIP-00078155-03-02";"1109126";1e0;"Wh";"Energy";;0;
1519903321;"TIP-00078107-03-02";"588810";1e0;"Wh";"Energy";;0;
1519903322;"TIP-00078155-03-02";"1109126";1e0;"Wh";"Energy";;0;
1519903441;"TIP-00078107-03-02";"588855";1e0;"Wh";"Energy";;0;
1519903442;"TIP-00078155-03-02";"1109126";1e0;"Wh";"Energy";;0;
1519903561;"TIP-00078107-03-02";"588901";1e0;"Wh";"Energy";;0;
1519903562;"TIP-00078155-03-02";"1109126";1e0;"Wh";"Energy";;0;
1519903681;"TIP-00078107-03-02";"588947";1e0;"Wh";"Energy";;0;
1519903682;"TIP-00078155-03-02";"1109126";1e0;"Wh";"Energy";;0;
1519903801;"TIP-00078107-03-02";"588993";1e0;"Wh";"Energy";;0;
1519903802;"TIP-00078155-03-02";"1109126";1e0;"Wh";"Energy";;0;
1519903920;"TIP-00078107-03-02";"589102";1e0;"Wh";"Energy";;0;
1519903922;"TIP-00078155-03-02";"1109126";1e0;"Wh";"Energy";;0;
1519904040;"TIP-00078107-03-02";"589345";1e0;"Wh";"Energy";;0;
1519904042;"TIP-00078155-03-02";"1109126";1e0;"Wh";"Energy";;0;
1519904160;"TIP-00078107-03-02";"589615";1e0;"Wh";"Energy";;0;
1519904162;"TIP-00078155-03-02";"1109126";1e0;"Wh";"Energy";;0;
1519904280;"TIP-00078107-03-02";"589726";1e0;"Wh";"Energy";;0;
1519904282;"TIP-00078155-03-02";"1109126";1e0;"Wh";"Energy";;0;
1519904400;"TIP-00078107-03-02";"589807";1e0;"Wh";"Energy";;0;
1519904402;"TIP-00078155-03-02";"1109126";1e0;"Wh";"Energy";;0;
1519904546;"TIP-00078107-03-02";"590081";1e0;"Wh";"Energy";;0;
1519904548;"TIP-00078155-03-02";"1109126";1e0;"Wh";"Energy";;0;
1519904641;"TIP-00078107-03-02";"590272";1e0;"Wh";"Energy";;0;
1519904642;"TIP-00078155-03-02";"1109126";1e0;"Wh";"Energy";;0;
1519904761;"TIP-00078107-03-02";"590445";1e0;"Wh";"Energy";;0;
1519904762;"TIP-00078155-03-02";"1109126";1e0;"Wh";"Energy";;0;
1519904881;"TIP-00078107-03-02";"590490";1e0;"Wh";"Energy";;0;
1519904882;"TIP-00078155-03-02";"1109126";1e0;"Wh";"Energy";;0;
1519905001;"TIP-00078107-03-02";"590630";1e0;"Wh";"Energy";;0;
1519905002;"TIP-00078155-03-02";"1109126";1e0;"Wh";"Energy";;0;
1519905121;"TIP-00078107-03-02";"590768";1e0;"Wh";"Energy";;0;
1519905122;"TIP-00078155-03-02";"1109127";1e0;"Wh";"Energy";;0;
1519905241;"TIP-00078107-03-02";"590814";1e0;"Wh";"Energy";;0;
1519905242;"TIP-00078155-03-02";"1109127";1e0;"Wh";"Energy";;0;
1519905360;"TIP-00078107-03-02";"590859";1e0;"Wh";"Energy";;0;
1519905362;"TIP-00078155-03-02";"1109127";1e0;"Wh";"Energy";;0;
1519905480;"TIP-00078107-03-02";"590904";1e0;"Wh";"Energy";;0;
1519905482;"TIP-00078155-03-02";"1109127";1e0;"Wh";"Energy";;0;
1519905600;"TIP-00078107-03-02";"590950";1e0;"Wh";"Energy";;0;
1519905602;"TIP-00078155-03-02";"1109127";1e0;"Wh";"Energy";;0;
1519905720;"TIP-00078107-03-02";"590995";1e0;"Wh";"Energy";;0;
1519905722;"TIP-00078155-03-02";"1109128";1e0;"Wh";"Energy";;0;
1519905840;"TIP-00078107-03-02";"591040";1e0;"Wh";"Energy";;0;
1519905842;"TIP-00078155-03-02";"1109158";1e0;"Wh";"Energy";;0;
1519905960;"TIP-00078107-03-02";"591086";1e0;"Wh";"Energy";;0;
1519905962;"TIP-00078155-03-02";"1109244";1e0;"Wh";"Energy";;0;
1519906080;"TIP-00078107-03-02";"591131";1e0;"Wh";"Energy";;0;
1519906082;"TIP-00078155-03-02";"1109386";1e0;"Wh";"Energy";;0;
1519906200;"TIP-00078107-03-02";"591176";1e0;"Wh";"Energy";;0;
1519906202;"TIP-00078155-03-02";"1109538";1e0;"Wh";"Energy";;0;
1519906321;"TIP-00078107-03-02";"591221";1e0;"Wh";"Energy";;0;
1519906322;"TIP-00078155-03-02";"1109652";1e0;"Wh";"Energy";;0;
1519906441;"TIP-00078107-03-02";"591266";1e0;"Wh";"Energy";;0;
1519906442;"TIP-00078155-03-02";"1109759";1e0;"Wh";"Energy";;0;
1519906561;"TIP-00078107-03-02";"591311";1e0;"Wh";"Energy";;0;
1519906562;"TIP-00078155-03-02";"1109830";1e0;"Wh";"Energy";;0;
1519906681;"TIP-00078107-03-02";"591357";1e0;"Wh";"Energy";;0;
1519906682;"TIP-00078155-03-02";"1109868";1e0;"Wh";"Energy";;0;
1519906801;"TIP-00078107-03-02";"591401";1e0;"Wh";"Energy";;0;
1519906802;"TIP-00078155-03-02";"1109906";1e0;"Wh";"Energy";;0;
1519906956;"TIP-00078107-03-02";"591459";1e0;"Wh";"Energy";;0;
1519906958;"TIP-00078155-03-02";"1109954";1e0;"Wh";"Energy";;0;
1519907040;"TIP-00078107-03-02";"591491";1e0;"Wh";"Energy";;0;
1519907042;"TIP-00078155-03-02";"1109981";1e0;"Wh";"Energy";;0;
1519907160;"TIP-00078107-03-02";"591536";1e0;"Wh";"Energy";;0;
1519907162;"TIP-00078155-03-02";"1110019";1e0;"Wh";"Energy";;0;
1519907280;"TIP-00078107-03-02";"591581";1e0;"Wh";"Energy";;0;
1519907282;"TIP-00078155-03-02";"1110056";1e0;"Wh";"Energy";;0;
1519907400;"TIP-00078107-03-02";"591626";1e0;"Wh";"Energy";;0;
1519907402;"TIP-00078155-03-02";"1110094";1e0;"Wh";"Energy";;0;
1519907520;"TIP-00078107-03-02";"591671";1e0;"Wh";"Energy";;0;
1519907522;"TIP-00078155-03-02";"1110131";1e0;"Wh";"Energy";;0;
1519907640;"TIP-00078107-03-02";"591716";1e0;"Wh";"Energy";;0;
1519907642;"TIP-00078155-03-02";"1110169";1e0;"Wh";"Energy";;0;
1519907760;"TIP-00078107-03-02";"591761";1e0;"Wh";"Energy";;0;
1519907762;"TIP-00078155-03-02";"1110193";1e0;"Wh";"Energy";;0;
1519907880;"TIP-00078107-03-02";"591807";1e0;"Wh";"Energy";;0;
1519907882;"TIP-00078155-03-02";"1110195";1e0;"Wh";"Energy";;0;
1519908000;"TIP-00078107-03-02";"591852";1e0;"Wh";"Energy";;0;
1519908002;"TIP-00078155-03-02";"1110198";1e0;"Wh";"Energy";;0;
1519908121;"TIP-00078107-03-02";"591898";1e0;"Wh";"Energy";;0;
1519908122;"TIP-00078155-03-02";"1110200";1e0;"Wh";"Energy";;0;
1519908241;"TIP-00078107-03-02";"591943";1e0;"Wh";"Energy";;0;
1519908242;"TIP-00078155-03-02";"1110203";1e0;"Wh";"Energy";;0;
1519908361;"TIP-00078107-03-02";"591989";1e0;"Wh";"Energy";;0;
1519908362;"TIP-00078155-03-02";"1110206";1e0;"Wh";"Energy";;0;
1519908480;"TIP-00078107-03-02";"592035";1e0;"Wh";"Energy";;0;
1519908482;"TIP-00078155-03-02";"1110208";1e0;"Wh";"Energy";;0;
1519908600;"TIP-00078107-03-02";"592080";1e0;"Wh";"Energy";;0;
1519908602;"TIP-00078155-03-02";"1110211";1e0;"Wh";"Energy";;0;
1519908721;"TIP-00078107-03-02";"592126";1e0;"Wh";"Energy";;0;
1519908722;"TIP-00078155-03-02";"1110213";1e0;"Wh";"Energy";;0;
1519908841;"TIP-00078107-03-02";"592172";1e0;"Wh";"Energy";;0;
1519908842;"TIP-00078155-03-02";"1110216";1e0;"Wh";"Energy";;0;
1519908961;"TIP-00078107-03-02";"592219";1e0;"Wh";"Energy";;0;
1519908962;"TIP-00078155-03-02";"1110219";1e0;"Wh";"Energy";;0;
1519909081;"TIP-00078107-03-02";"592265";1e0;"Wh";"Energy";;0;
1519909082;"TIP-00078155-03-02";"1110221";1e0;"Wh";"Energy";;0;
1519909200;"TIP-00078107-03-02";"592311";1e0;"Wh";"Energy";;0;
1519909202;"TIP-00078155-03-02";"1110224";1e0;"Wh";"Energy";;0;
1519909309;"TIP-00078107-03-02";"592354";1e0;"Wh";"Energy";;0;
1519909311;"TIP-00078155-03-02";"1110226";1e0;"Wh";"Energy";;0;
1519909321;"TIP-00078107-03-02";"592358";1e0;"Wh";"Energy";;0;
1519909322;"TIP-00078155-03-02";"1110226";1e0;"Wh";"Energy";;0;
1519909441;"TIP-00078107-03-02";"592405";1e0;"Wh";"Energy";;0;
1519909442;"TIP-00078155-03-02";"1110229";1e0;"Wh";"Energy";;0;
1519909561;"TIP-00078107-03-02";"592450";1e0;"Wh";"Energy";;0;
1519909562;"TIP-00078155-03-02";"1110232";1e0;"Wh";"Energy";;0;
1519909680;"TIP-00078107-03-02";"592497";1e0;"Wh";"Energy";;0;
1519909682;"TIP-00078155-03-02";"1110234";1e0;"Wh";"Energy";;0;
1519909800;"TIP-00078107-03-02";"592544";1e0;"Wh";"Energy";;0;
1519909802;"TIP-00078155-03-02";"1110237";1e0;"Wh";"Energy";;0;
1519909921;"TIP-00078107-03-02";"592591";1e0;"Wh";"Energy";;0;
1519909922;"TIP-00078155-03-02";"1110240";1e0;"Wh";"Energy";;0;
1519910041;"TIP-00078107-03-02";"592638";1e0;"Wh";"Energy";;0;
1519910042;"TIP-00078155-03-02";"1110242";1e0;"Wh";"Energy";;0;
1519910160;"TIP-00078107-03-02";"592684";1e0;"Wh";"Energy";;0;
1519910162;"TIP-00078155-03-02";"1110245";1e0;"Wh";"Energy";;0;
1519910280;"TIP-00078107-03-02";"592731";1e0;"Wh";"Energy";;0;
1519910282;"TIP-00078155-03-02";"1110247";1e0;"Wh";"Energy";;0;
1519910400;"TIP-00078107-03-02";"592777";1e0;"Wh";"Energy";;0;
1519910402;"TIP-00078155-03-02";"1110250";1e0;"Wh";"Energy";;0;
1519910521;"TIP-00078107-03-02";"592825";1e0;"Wh";"Energy";;0;
1519910522;"TIP-00078155-03-02";"1110253";1e0;"Wh";"Energy";;0;
1519910640;"TIP-00078107-03-02";"592872";1e0;"Wh";"Energy";;0;
1519910642;"TIP-00078155-03-02";"1110255";1e0;"Wh";"Energy";;0;
1519910760;"TIP-00078107-03-02";"592919";1e0;"Wh";"Energy";;0;
1519910762;"TIP-00078155-03-02";"1110258";1e0;"Wh";"Energy";;0;
1519910880;"TIP-00078107-03-02";"592966";1e0;"Wh";"Energy";;0;
1519910882;"TIP-00078155-03-02";"1110260";1e0;"Wh";"Energy";;0;
1519911000;"TIP-00078107-03-02";"593013";1e0;"Wh";"Energy";;0;
1519911002;"TIP-00078155-03-02";"1110263";1e0;"Wh";"Energy";;0;
1519911120;"TIP-00078107-03-02";"593058";1e0;"Wh";"Energy";;0;
1519911122;"TIP-00078155-03-02";"1110266";1e0;"Wh";"Energy";;0;
1519911240;"TIP-00078107-03-02";"593105";1e0;"Wh";"Energy";;0;
1519911242;"TIP-00078155-03-02";"1110268";1e0;"Wh";"Energy";;0;
1519911360;"TIP-00078107-03-02";"593152";1e0;"Wh";"Energy";;0;
1519911362;"TIP-00078155-03-02";"1110271";1e0;"Wh";"Energy";;0;
1519911480;"TIP-00078107-03-02";"593199";1e0;"Wh";"Energy";;0;
1519911482;"TIP-00078155-03-02";"1110273";1e0;"Wh";"Energy";;0;
1519911600;"TIP-00078107-03-02";"593245";1e0;"Wh";"Energy";;0;
1519911602;"TIP-00078155-03-02";"1110276";1e0;"Wh";"Energy";;0;
1519911716;"TIP-00078107-03-02";"593292";1e0;"Wh";"Energy";;0;
1519911718;"TIP-00078155-03-02";"1110279";1e0;"Wh";"Energy";;0;
1519911721;"TIP-00078107-03-02";"593293";1e0;"Wh";"Energy";;0;
1519911722;"TIP-00078155-03-02";"1110279";1e0;"Wh";"Energy";;0;
1519911841;"TIP-00078107-03-02";"593345";1e0;"Wh";"Energy";;0;
1519911842;"TIP-00078155-03-02";"1110304";1e0;"Wh";"Energy";;0;
1519911961;"TIP-00078107-03-02";"593407";1e0;"Wh";"Energy";;0;
1519911962;"TIP-00078155-03-02";"1110343";1e0;"Wh";"Energy";;0;
1519912081;"TIP-00078107-03-02";"593463";1e0;"Wh";"Energy";;0;
1519912082;"TIP-00078155-03-02";"1110382";1e0;"Wh";"Energy";;0;
1519912200;"TIP-00078107-03-02";"593521";1e0;"Wh";"Energy";;0;
1519912202;"TIP-00078155-03-02";"1110421";1e0;"Wh";"Energy";;0;
1519912321;"TIP-00078107-03-02";"593567";1e0;"Wh";"Energy";;0;
1519912322;"TIP-00078155-03-02";"1110459";1e0;"Wh";"Energy";;0;
1519912441;"TIP-00078107-03-02";"593612";1e0;"Wh";"Energy";;0;
1519912442;"TIP-00078155-03-02";"1110561";1e0;"Wh";"Energy";;0;
1519912560;"TIP-00078107-03-02";"593674";1e0;"Wh";"Energy";;0;
1519912562;"TIP-00078155-03-02";"1110812";1e0;"Wh";"Energy";;0;
1519912680;"TIP-00078107-03-02";"593736";1e0;"Wh";"Energy";;0;
1519912682;"TIP-00078155-03-02";"1111054";1e0;"Wh";"Energy";;0;
1519912800;"TIP-00078107-03-02";"593793";1e0;"Wh";"Energy";;0;
1519912802;"TIP-00078155-03-02";"1111294";1e0;"Wh";"Energy";;0;
1519912920;"TIP-00078107-03-02";"593852";1e0;"Wh";"Energy";;0;
1519912922;"TIP-00078155-03-02";"1111437";1e0;"Wh";"Energy";;0;
1519913040;"TIP-00078107-03-02";"593902";1e0;"Wh";"Energy";;0;
1519913042;"TIP-00078155-03-02";"1111610";1e0;"Wh";"Energy";;0;
1519913160;"TIP-00078107-03-02";"593948";1e0;"Wh";"Energy";;0;
1519913162;"TIP-00078155-03-02";"1111686";1e0;"Wh";"Energy";;0;
1519913280;"TIP-00078107-03-02";"593993";1e0;"Wh";"Energy";;0;
1519913282;"TIP-00078155-03-02";"1111759";1e0;"Wh";"Energy";;0;
1519913401;"TIP-00078107-03-02";"594038";1e0;"Wh";"Energy";;0;
1519913402;"TIP-00078155-03-02";"1111831";1e0;"Wh";"Energy";;0;
1519913520;"TIP-00078107-03-02";"594084";1e0;"Wh";"Energy";;0;
1519913522;"TIP-00078155-03-02";"1111870";1e0;"Wh";"Energy";;0;
1519913640;"TIP-00078107-03-02";"594130";1e0;"Wh";"Energy";;0;
1519913642;"TIP-00078155-03-02";"1111908";1e0;"Wh";"Energy";;0;
1519913761;"TIP-00078107-03-02";"594175";1e0;"Wh";"Energy";;0;
1519913762;"TIP-00078155-03-02";"1111947";1e0;"Wh";"Energy";;0;
1519913881;"TIP-00078107-03-02";"594221";1e0;"Wh";"Energy";;0;
1519913882;"TIP-00078155-03-02";"1111985";1e0;"Wh";"Energy";;0;
1519914001;"TIP-00078107-03-02";"594268";1e0;"Wh";"Energy";;0;
1519914002;"TIP-00078155-03-02";"1112024";1e0;"Wh";"Energy";;0;
1519914154;"TIP-00078107-03-02";"594327";1e0;"Wh";"Energy";;0;
1519914156;"TIP-00078155-03-02";"1112073";1e0;"Wh";"Energy";;0;
1519914240;"TIP-00078107-03-02";"594360";1e0;"Wh";"Energy";;0;
1519914242;"TIP-00078155-03-02";"1112101";1e0;"Wh";"Energy";;0;
1519914360;"TIP-00078107-03-02";"594406";1e0;"Wh";"Energy";;0;
1519914362;"TIP-00078155-03-02";"1112140";1e0;"Wh";"Energy";;0;
1519914480;"TIP-00078107-03-02";"594452";1e0;"Wh";"Energy";;0;
1519914482;"TIP-00078155-03-02";"1112197";1e0;"Wh";"Energy";;0;
1519914600;"TIP-00078107-03-02";"594497";1e0;"Wh";"Energy";;0;
1519914602;"TIP-00078155-03-02";"1112435";1e0;"Wh";"Energy";;0;
1519914720;"TIP-00078107-03-02";"594543";1e0;"Wh";"Energy";;0;
1519914722;"TIP-00078155-03-02";"1112671";1e0;"Wh";"Energy";;0;
1519914840;"TIP-00078107-03-02";"594589";1e0;"Wh";"Energy";;0;
1519914842;"TIP-00078155-03-02";"1112776";1e0;"Wh";"Energy";;0;
1519914960;"TIP-00078107-03-02";"594635";1e0;"Wh";"Energy";;0;
1519914962;"TIP-00078155-03-02";"1113004";1e0;"Wh";"Energy";;0;
1519915081;"TIP-00078107-03-02";"594680";1e0;"Wh";"Energy";;0;
1519915082;"TIP-00078155-03-02";"1113240";1e0;"Wh";"Energy";;0;
1519915201;"TIP-00078107-03-02";"594726";1e0;"Wh";"Energy";;0;
1519915202;"TIP-00078155-03-02";"1113343";1e0;"Wh";"Energy";;0;
1519915321;"TIP-00078107-03-02";"594772";1e0;"Wh";"Energy";;0;
1519915322;"TIP-00078155-03-02";"1113479";1e0;"Wh";"Energy";;0;
1519915441;"TIP-00078107-03-02";"594817";1e0;"Wh";"Energy";;0;
1519915442;"TIP-00078155-03-02";"1113711";1e0;"Wh";"Energy";;0;
1519915561;"TIP-00078107-03-02";"594863";1e0;"Wh";"Energy";;0;
1519915562;"TIP-00078155-03-02";"1113846";1e0;"Wh";"Energy";;0;
1519915680;"TIP-00078107-03-02";"594908";1e0;"Wh";"Energy";;0;
1519915682;"TIP-00078155-03-02";"1113993";1e0;"Wh";"Energy";;0;
1519915800;"TIP-00078107-03-02";"594954";1e0;"Wh";"Energy";;0;
1519915802;"TIP-00078155-03-02";"1114182";1e0;"Wh";"Energy";;0;
1519915921;"TIP-00078107-03-02";"594999";1e0;"Wh";"Energy";;0;
1519915922;"TIP-00078155-03-02";"1114351";1e0;"Wh";"Energy";;0;
1519916040;"TIP-00078107-03-02";"595045";1e0;"Wh";"Energy";;0;
1519916042;"TIP-00078155-03-02";"1114483";1e0;"Wh";"Energy";;0;
1519916160;"TIP-00078107-03-02";"595090";1e0;"Wh";"Energy";;0;
1519916162;"TIP-00078155-03-02";"1114525";1e0;"Wh";"Energy";;0;
1519916280;"TIP-00078107-03-02";"595136";1e0;"Wh";"Energy";;0;
1519916282;"TIP-00078155-03-02";"1114563";1e0;"Wh";"Energy";;0;
1519916401;"TIP-00078107-03-02";"595181";1e0;"Wh";"Energy";;0;
1519916402;"TIP-00078155-03-02";"1114601";1e0;"Wh";"Energy";;0;
1519916520;"TIP-00078107-03-02";"595227";1e0;"Wh";"Energy";;0;
1519916522;"TIP-00078155-03-02";"1114640";1e0;"Wh";"Energy";;0;
1519916524;"TIP-00078107-03-02";"595228";1e0;"Wh";"Energy";;0;
1519916640;"TIP-00078107-03-02";"595272";1e0;"Wh";"Energy";;0;
1519916642;"TIP-00078155-03-02";"1114678";1e0;"Wh";"Energy";;0;
1519916760;"TIP-00078107-03-02";"595318";1e0;"Wh";"Energy";;0;
1519916762;"TIP-00078155-03-02";"1114752";1e0;"Wh";"Energy";;0;
1519916880;"TIP-00078107-03-02";"595363";1e0;"Wh";"Energy";;0;
1519916882;"TIP-00078155-03-02";"1114854";1e0;"Wh";"Energy";;0;
1519917001;"TIP-00078107-03-02";"595409";1e0;"Wh";"Energy";;0;
1519917002;"TIP-00078155-03-02";"1114892";1e0;"Wh";"Energy";;0;
1519917121;"TIP-00078107-03-02";"595454";1e0;"Wh";"Energy";;0;
1519917122;"TIP-00078155-03-02";"1114930";1e0;"Wh";"Energy";;0;
1519917241;"TIP-00078107-03-02";"595500";1e0;"Wh";"Energy";;0;
1519917242;"TIP-00078155-03-02";"1114968";1e0;"Wh";"Energy";;0;
1519917361;"TIP-00078107-03-02";"595546";1e0;"Wh";"Energy";;0;
1519917362;"TIP-00078155-03-02";"1115007";1e0;"Wh";"Energy";;0;
1519917480;"TIP-00078107-03-02";"595591";1e0;"Wh";"Energy";;0;
1519917482;"TIP-00078155-03-02";"1115045";1e0;"Wh";"Energy";;0;
1519917600;"TIP-00078107-03-02";"595637";1e0;"Wh";"Energy";;0;
1519917602;"TIP-00078155-03-02";"1115084";1e0;"Wh";"Energy";;0;
1519917720;"TIP-00078107-03-02";"595683";1e0;"Wh";"Energy";;0;
1519917722;"TIP-00078155-03-02";"1115195";1e0;"Wh";"Energy";;0;
1519917840;"TIP-00078107-03-02";"595729";1e0;"Wh";"Energy";;0;
1519917842;"TIP-00078155-03-02";"1115469";1e0;"Wh";"Energy";;0;
1519917960;"TIP-00078107-03-02";"595775";1e0;"Wh";"Energy";;0;
1519917962;"TIP-00078155-03-02";"1115680";1e0;"Wh";"Energy";;0;
1519918081;"TIP-00078107-03-02";"595821";1e0;"Wh";"Energy";;0;
1519918082;"TIP-00078155-03-02";"1115718";1e0;"Wh";"Energy";;0;
1519918201;"TIP-00078107-03-02";"595866";1e0;"Wh";"Energy";;0;
1519918202;"TIP-00078155-03-02";"1115863";1e0;"Wh";"Energy";;0;
1519918321;"TIP-00078107-03-02";"595912";1e0;"Wh";"Energy";;0;
1519918322;"TIP-00078155-03-02";"1116111";1e0;"Wh";"Energy";;0;
1519918441;"TIP-00078107-03-02";"595958";1e0;"Wh";"Energy";;0;
1519918442;"TIP-00078155-03-02";"1116318";1e0;"Wh";"Energy";;0;
1519918560;"TIP-00078107-03-02";"596003";1e0;"Wh";"Energy";;0;
1519918562;"TIP-00078155-03-02";"1116356";1e0;"Wh";"Energy";;0;
1519918680;"TIP-00078107-03-02";"596049";1e0;"Wh";"Energy";;0;
1519918682;"TIP-00078155-03-02";"1116536";1e0;"Wh";"Energy";;0;
1519918800;"TIP-00078107-03-02";"596095";1e0;"Wh";"Energy";;0;
1519918802;"TIP-00078155-03-02";"1116817";1e0;"Wh";"Energy";;0;
1519918929;"TIP-00078107-03-02";"596144";1e0;"Wh";"Energy";;0;
1519918931;"TIP-00078155-03-02";"1116963";1e0;"Wh";"Energy";;0;
1519919040;"TIP-00078107-03-02";"596186";1e0;"Wh";"Energy";;0;
1519919042;"TIP-00078155-03-02";"1117034";1e0;"Wh";"Energy";;0;
1519919160;"TIP-00078107-03-02";"596232";1e0;"Wh";"Energy";;0;
1519919162;"TIP-00078155-03-02";"1117290";1e0;"Wh";"Energy";;0;
1519919281;"TIP-00078107-03-02";"596278";1e0;"Wh";"Energy";;0;
1519919282;"TIP-00078155-03-02";"1117567";1e0;"Wh";"Energy";;0;
1519919401;"TIP-00078107-03-02";"596324";1e0;"Wh";"Energy";;0;
1519919402;"TIP-00078155-03-02";"1117677";1e0;"Wh";"Energy";;0;
1519919521;"TIP-00078107-03-02";"596370";1e0;"Wh";"Energy";;0;
1519919522;"TIP-00078155-03-02";"1117716";1e0;"Wh";"Energy";;0;
1519919641;"TIP-00078107-03-02";"596415";1e0;"Wh";"Energy";;0;
1519919642;"TIP-00078155-03-02";"1117861";1e0;"Wh";"Energy";;0;
1519919760;"TIP-00078107-03-02";"596461";1e0;"Wh";"Energy";;0;
1519919762;"TIP-00078155-03-02";"1118132";1e0;"Wh";"Energy";;0;
1519919880;"TIP-00078107-03-02";"596507";1e0;"Wh";"Energy";;0;
1519919882;"TIP-00078155-03-02";"1118275";1e0;"Wh";"Energy";;0;
1519920000;"TIP-00078107-03-02";"596553";1e0;"Wh";"Energy";;0;
1519920002;"TIP-00078155-03-02";"1118313";1e0;"Wh";"Energy";;0;
1519920120;"TIP-00078107-03-02";"596598";1e0;"Wh";"Energy";;0;
1519920122;"TIP-00078155-03-02";"1118351";1e0;"Wh";"Energy";;0;
1519920241;"TIP-00078107-03-02";"596643";1e0;"Wh";"Energy";;0;
1519920242;"TIP-00078155-03-02";"1118389";1e0;"Wh";"Energy";;0;
1519920361;"TIP-00078107-03-02";"596687";1e0;"Wh";"Energy";;0;
1519920362;"TIP-00078155-03-02";"1118509";1e0;"Wh";"Energy";;0;
1519920480;"TIP-00078107-03-02";"596732";1e0;"Wh";"Energy";;0;
1519920482;"TIP-00078155-03-02";"1118773";1e0;"Wh";"Energy";;0;
1519920600;"TIP-00078107-03-02";"596776";1e0;"Wh";"Energy";;0;
1519920602;"TIP-00078155-03-02";"1118912";1e0;"Wh";"Energy";;0;
1519920720;"TIP-00078107-03-02";"596821";1e0;"Wh";"Energy";;0;
1519920722;"TIP-00078155-03-02";"1118950";1e0;"Wh";"Energy";;0;
1519920840;"TIP-00078107-03-02";"596866";1e0;"Wh";"Energy";;0;
1519920842;"TIP-00078155-03-02";"1118988";1e0;"Wh";"Energy";;0;
1519920961;"TIP-00078107-03-02";"596912";1e0;"Wh";"Energy";;0;
1519920962;"TIP-00078155-03-02";"1119026";1e0;"Wh";"Energy";;0;
1519921081;"TIP-00078107-03-02";"596958";1e0;"Wh";"Energy";;0;
1519921082;"TIP-00078155-03-02";"1119064";1e0;"Wh";"Energy";;0;
1519921200;"TIP-00078107-03-02";"597003";1e0;"Wh";"Energy";;0;
1519921202;"TIP-00078155-03-02";"1119103";1e0;"Wh";"Energy";;0;
1519921311;"TIP-00078107-03-02";"597046";1e0;"Wh";"Energy";;0;
1519921313;"TIP-00078155-03-02";"1119138";1e0;"Wh";"Energy";;0;
1519921320;"TIP-00078107-03-02";"597049";1e0;"Wh";"Energy";;0;
1519921322;"TIP-00078155-03-02";"1119140";1e0;"Wh";"Energy";;0;
1519921440;"TIP-00078107-03-02";"597094";1e0;"Wh";"Energy";;0;
1519921442;"TIP-00078155-03-02";"1119178";1e0;"Wh";"Energy";;0;
1519921560;"TIP-00078107-03-02";"597140";1e0;"Wh";"Energy";;0;
1519921562;"TIP-00078155-03-02";"1119216";1e0;"Wh";"Energy";;0;
1519921681;"TIP-00078107-03-02";"597185";1e0;"Wh";"Energy";;0;
1519921682;"TIP-00078155-03-02";"1119254";1e0;"Wh";"Energy";;0;
1519921801;"TIP-00078107-03-02";"597230";1e0;"Wh";"Energy";;0;
1519921802;"TIP-00078155-03-02";"1119292";1e0;"Wh";"Energy";;0;
1519921921;"TIP-00078107-03-02";"597276";1e0;"Wh";"Energy";;0;
1519921922;"TIP-00078155-03-02";"1119330";1e0;"Wh";"Energy";;0;
1519922040;"TIP-00078107-03-02";"597321";1e0;"Wh";"Energy";;0;
1519922042;"TIP-00078155-03-02";"1119368";1e0;"Wh";"Energy";;0;
1519922160;"TIP-00078107-03-02";"597366";1e0;"Wh";"Energy";;0;
1519922162;"TIP-00078155-03-02";"1119406";1e0;"Wh";"Energy";;0;
1519922280;"TIP-00078107-03-02";"597411";1e0;"Wh";"Energy";;0;
1519922282;"TIP-00078155-03-02";"1119444";1e0;"Wh";"Energy";;0;
1519922401;"TIP-00078107-03-02";"597456";1e0;"Wh";"Energy";;0;
1519922402;"TIP-00078155-03-02";"1119482";1e0;"Wh";"Energy";;0;
1519922521;"TIP-00078107-03-02";"597501";1e0;"Wh";"Energy";;0;
1519922522;"TIP-00078155-03-02";"1119520";1e0;"Wh";"Energy";;0;
1519922641;"TIP-00078107-03-02";"597546";1e0;"Wh";"Energy";;0;
1519922642;"TIP-00078155-03-02";"1119619";1e0;"Wh";"Energy";;0;
1519922760;"TIP-00078107-03-02";"597592";1e0;"Wh";"Energy";;0;
1519922762;"TIP-00078155-03-02";"1119771";1e0;"Wh";"Energy";;0;
1519922880;"TIP-00078107-03-02";"597638";1e0;"Wh";"Energy";;0;
1519922882;"TIP-00078155-03-02";"1119957";1e0;"Wh";"Energy";;0;
1519923001;"TIP-00078107-03-02";"597684";1e0;"Wh";"Energy";;0;
1519923002;"TIP-00078155-03-02";"1120147";1e0;"Wh";"Energy";;0;
1519923120;"TIP-00078107-03-02";"597731";1e0;"Wh";"Energy";;0;
1519923122;"TIP-00078155-03-02";"1120211";1e0;"Wh";"Energy";;0;
1519923241;"TIP-00078107-03-02";"597790";1e0;"Wh";"Energy";;0;
1519923242;"TIP-00078155-03-02";"1120300";1e0;"Wh";"Energy";;0;
1519923360;"TIP-00078107-03-02";"597850";1e0;"Wh";"Energy";;0;
1519923362;"TIP-00078155-03-02";"1120473";1e0;"Wh";"Energy";;0;
1519923480;"TIP-00078107-03-02";"597912";1e0;"Wh";"Energy";;0;
1519923482;"TIP-00078155-03-02";"1120642";1e0;"Wh";"Energy";;0;
1519923600;"TIP-00078107-03-02";"597974";1e0;"Wh";"Energy";;0;
1519923602;"TIP-00078155-03-02";"1120809";1e0;"Wh";"Energy";;0;
1519923711;"TIP-00078107-03-02";"598031";1e0;"Wh";"Energy";;0;
1519923713;"TIP-00078155-03-02";"1120872";1e0;"Wh";"Energy";;0;
1519923720;"TIP-00078107-03-02";"598035";1e0;"Wh";"Energy";;0;
1519923722;"TIP-00078155-03-02";"1120875";1e0;"Wh";"Energy";;0;
1519923840;"TIP-00078107-03-02";"598097";1e0;"Wh";"Energy";;0;
1519923842;"TIP-00078155-03-02";"1120914";1e0;"Wh";"Energy";;0;
1519923961;"TIP-00078107-03-02";"598159";1e0;"Wh";"Energy";;0;
1519923962;"TIP-00078155-03-02";"1120952";1e0;"Wh";"Energy";;0;
1519924081;"TIP-00078107-03-02";"598221";1e0;"Wh";"Energy";;0;
1519924082;"TIP-00078155-03-02";"1120991";1e0;"Wh";"Energy";;0;
1519924200;"TIP-00078107-03-02";"598283";1e0;"Wh";"Energy";;0;
1519924202;"TIP-00078155-03-02";"1121132";1e0;"Wh";"Energy";;0;
1519924320;"TIP-00078107-03-02";"598344";1e0;"Wh";"Energy";;0;
1519924322;"TIP-00078155-03-02";"1121296";1e0;"Wh";"Energy";;0;
1519924440;"TIP-00078107-03-02";"598403";1e0;"Wh";"Energy";;0;
1519924442;"TIP-00078155-03-02";"1121456";1e0;"Wh";"Energy";;0;
1519924561;"TIP-00078107-03-02";"598462";1e0;"Wh";"Energy";;0;
1519924562;"TIP-00078155-03-02";"1121612";1e0;"Wh";"Energy";;0;
1519924680;"TIP-00078107-03-02";"598518";1e0;"Wh";"Energy";;0;
1519924682;"TIP-00078155-03-02";"1121649";1e0;"Wh";"Energy";;0;
1519924800;"TIP-00078107-03-02";"598575";1e0;"Wh";"Energy";;0;
1519924802;"TIP-00078155-03-02";"1121687";1e0;"Wh";"Energy";;0;
1519924921;"TIP-00078107-03-02";"598631";1e0;"Wh";"Energy";;0;
1519924922;"TIP-00078155-03-02";"1121725";1e0;"Wh";"Energy";;0;
1519925040;"TIP-00078107-03-02";"598688";1e0;"Wh";"Energy";;0;
1519925042;"TIP-00078155-03-02";"1121763";1e0;"Wh";"Energy";;0;
1519925161;"TIP-00078107-03-02";"598743";1e0;"Wh";"Energy";;0;
1519925162;"TIP-00078155-03-02";"1121801";1e0;"Wh";"Energy";;0;
1519925280;"TIP-00078107-03-02";"598800";1e0;"Wh";"Energy";;0;
1519925282;"TIP-00078155-03-02";"1121838";1e0;"Wh";"Energy";;0;
1519925401;"TIP-00078107-03-02";"598857";1e0;"Wh";"Energy";;0;
1519925402;"TIP-00078155-03-02";"1121877";1e0;"Wh";"Energy";;0;
1519925521;"TIP-00078107-03-02";"598914";1e0;"Wh";"Energy";;0;
1519925522;"TIP-00078155-03-02";"1121915";1e0;"Wh";"Energy";;0;
1519925641;"TIP-00078107-03-02";"598970";1e0;"Wh";"Energy";;0;
1519925642;"TIP-00078155-03-02";"1121953";1e0;"Wh";"Energy";;0;
1519925760;"TIP-00078107-03-02";"599028";1e0;"Wh";"Energy";;0;
1519925762;"TIP-00078155-03-02";"1121991";1e0;"Wh";"Energy";;0;
1519925880;"TIP-00078107-03-02";"599084";1e0;"Wh";"Energy";;0;
1519925882;"TIP-00078155-03-02";"1122029";1e0;"Wh";"Energy";;0;
1519926001;"TIP-00078107-03-02";"599142";1e0;"Wh";"Energy";;0;
1519926002;"TIP-00078155-03-02";"1122068";1e0;"Wh";"Energy";;0;
1519926118;"TIP-00078107-03-02";"599198";1e0;"Wh";"Energy";;0;
1519926120;"TIP-00078155-03-02";"1122105";1e0;"Wh";"Energy";;0;
1519926122;"TIP-00078107-03-02";"599199";1e0;"Wh";"Energy";;0;
1519926123;"TIP-00078155-03-02";"1122106";1e0;"Wh";"Energy";;0;
1519926240;"TIP-00078107-03-02";"599255";1e0;"Wh";"Energy";;0;
1519926242;"TIP-00078155-03-02";"1122144";1e0;"Wh";"Energy";;0;
1519926361;"TIP-00078107-03-02";"599312";1e0;"Wh";"Energy";;0;
1519926362;"TIP-00078155-03-02";"1122183";1e0;"Wh";"Energy";;0;
1519926481;"TIP-00078107-03-02";"599369";1e0;"Wh";"Energy";;0;
1519926482;"TIP-00078155-03-02";"1122221";1e0;"Wh";"Energy";;0;
1519926600;"TIP-00078107-03-02";"599425";1e0;"Wh";"Energy";;0;
1519926602;"TIP-00078155-03-02";"1122260";1e0;"Wh";"Energy";;0;
1519926720;"TIP-00078107-03-02";"599482";1e0;"Wh";"Energy";;0;
1519926722;"TIP-00078155-03-02";"1122426";1e0;"Wh";"Energy";;0;
1519926840;"TIP-00078107-03-02";"599540";1e0;"Wh";"Energy";;0;
1519926842;"TIP-00078155-03-02";"1122609";1e0;"Wh";"Energy";;0;
1519926961;"TIP-00078107-03-02";"599598";1e0;"Wh";"Energy";;0;
1519926962;"TIP-00078155-03-02";"1122812";1e0;"Wh";"Energy";;0;
1519927080;"TIP-00078107-03-02";"599654";1e0;"Wh";"Energy";;0;
1519927082;"TIP-00078155-03-02";"1123002";1e0;"Wh";"Energy";;0;
1519927200;"TIP-00078107-03-02";"599711";1e0;"Wh";"Energy";;0;
1519927202;"TIP-00078155-03-02";"1123040";1e0;"Wh";"Energy";;0;
1519927320;"TIP-00078107-03-02";"599767";1e0;"Wh";"Energy";;0;
1519927322;"TIP-00078155-03-02";"1123079";1e0;"Wh";"Energy";;0;
1519927441;"TIP-00078107-03-02";"599825";1e0;"Wh";"Energy";;0;
1519927442;"TIP-00078155-03-02";"1123117";1e0;"Wh";"Energy";;0;
1519927560;"TIP-00078107-03-02";"599882";1e0;"Wh";"Energy";;0;
1519927562;"TIP-00078155-03-02";"1123156";1e0;"Wh";"Energy";;0;
1519927680;"TIP-00078107-03-02";"599940";1e0;"Wh";"Energy";;0;
1519927682;"TIP-00078155-03-02";"1123323";1e0;"Wh";"Energy";;0;
1519927801;"TIP-00078107-03-02";"599996";1e0;"Wh";"Energy";;0;
1519927802;"TIP-00078155-03-02";"1123492";1e0;"Wh";"Energy";;0;
1519927921;"TIP-00078107-03-02";"600054";1e0;"Wh";"Energy";;0;
1519927922;"TIP-00078155-03-02";"1123636";1e0;"Wh";"Energy";;0;
1519928040;"TIP-00078107-03-02";"600109";1e0;"Wh";"Energy";;0;
1519928042;"TIP-00078155-03-02";"1123802";1e0;"Wh";"Energy";;0;
1519928161;"TIP-00078107-03-02";"600167";1e0;"Wh";"Energy";;0;
1519928162;"TIP-00078155-03-02";"1123841";1e0;"Wh";"Energy";;0;
1519928280;"TIP-00078107-03-02";"600225";1e0;"Wh";"Energy";;0;
1519928282;"TIP-00078155-03-02";"1123879";1e0;"Wh";"Energy";;0;
1519928401;"TIP-00078107-03-02";"600282";1e0;"Wh";"Energy";;0;
1519928402;"TIP-00078155-03-02";"1123970";1e0;"Wh";"Energy";;0;
1519928557;"TIP-00078107-03-02";"600356";1e0;"Wh";"Energy";;0;
1519928559;"TIP-00078155-03-02";"1124178";1e0;"Wh";"Energy";;0;
1519928640;"TIP-00078107-03-02";"600397";1e0;"Wh";"Energy";;0;
1519928642;"TIP-00078155-03-02";"1124317";1e0;"Wh";"Energy";;0;
1519928761;"TIP-00078107-03-02";"600454";1e0;"Wh";"Energy";;0;
1519928762;"TIP-00078155-03-02";"1124467";1e0;"Wh";"Energy";;0;
1519928880;"TIP-00078107-03-02";"600512";1e0;"Wh";"Energy";;0;
1519928882;"TIP-00078155-03-02";"1124605";1e0;"Wh";"Energy";;0;
1519929000;"TIP-00078107-03-02";"600568";1e0;"Wh";"Energy";;0;
1519929002;"TIP-00078155-03-02";"1124644";1e0;"Wh";"Energy";;0;
1519929121;"TIP-00078107-03-02";"600626";1e0;"Wh";"Energy";;0;
1519929122;"TIP-00078155-03-02";"1124682";1e0;"Wh";"Energy";;0;
1519929241;"TIP-00078107-03-02";"600684";1e0;"Wh";"Energy";;0;
1519929242;"TIP-00078155-03-02";"1124721";1e0;"Wh";"Energy";;0;
1519929360;"TIP-00078107-03-02";"600742";1e0;"Wh";"Energy";;0;
1519929362;"TIP-00078155-03-02";"1124760";1e0;"Wh";"Energy";;0;
1519929481;"TIP-00078107-03-02";"600799";1e0;"Wh";"Energy";;0;
1519929482;"TIP-00078155-03-02";"1124799";1e0;"Wh";"Energy";;0;
1519929601;"TIP-00078107-03-02";"600856";1e0;"Wh";"Energy";;0;
1519929603;"TIP-00078155-03-02";"1124838";1e0;"Wh";"Energy";;0;
1519929720;"TIP-00078107-03-02";"600915";1e0;"Wh";"Energy";;0;
1519929722;"TIP-00078155-03-02";"1124876";1e0;"Wh";"Energy";;0;
1519929840;"TIP-00078107-03-02";"600973";1e0;"Wh";"Energy";;0;
1519929842;"TIP-00078155-03-02";"1124915";1e0;"Wh";"Energy";;0;
1519929961;"TIP-00078107-03-02";"601031";1e0;"Wh";"Energy";;0;
1519929962;"TIP-00078155-03-02";"1124954";1e0;"Wh";"Energy";;0;
1519930080;"TIP-00078107-03-02";"601089";1e0;"Wh";"Energy";;0;
1519930082;"TIP-00078155-03-02";"1124993";1e0;"Wh";"Energy";;0;
1519930200;"TIP-00078107-03-02";"601146";1e0;"Wh";"Energy";;0;
1519930202;"TIP-00078155-03-02";"1125032";1e0;"Wh";"Energy";;0;
1519930320;"TIP-00078107-03-02";"601204";1e0;"Wh";"Energy";;0;
1519930322;"TIP-00078155-03-02";"1125071";1e0;"Wh";"Energy";;0;
1519930441;"TIP-00078107-03-02";"601262";1e0;"Wh";"Energy";;0;
1519930442;"TIP-00078155-03-02";"1125109";1e0;"Wh";"Energy";;0;
1519930560;"TIP-00078107-03-02";"601318";1e0;"Wh";"Energy";;0;
1519930562;"TIP-00078155-03-02";"1125146";1e0;"Wh";"Energy";;0;
1519930680;"TIP-00078107-03-02";"601374";1e0;"Wh";"Energy";;0;
1519930682;"TIP-00078155-03-02";"1125284";1e0;"Wh";"Energy";;0;
1519930801;"TIP-00078107-03-02";"601430";1e0;"Wh";"Energy";;0;
1519930802;"TIP-00078155-03-02";"1125427";1e0;"Wh";"Energy";;0;
1519930903;"TIP-00078107-03-02";"601481";1e0;"Wh";"Energy";;0;
1519930905;"TIP-00078155-03-02";"1125536";1e0;"Wh";"Energy";;0;
1519930920;"TIP-00078107-03-02";"601488";1e0;"Wh";"Energy";;0;
1519930922;"TIP-00078155-03-02";"1125542";1e0;"Wh";"Energy";;0;
1519931041;"TIP-00078107-03-02";"601547";1e0;"Wh";"Energy";;0;
1519931042;"TIP-00078155-03-02";"1125580";1e0;"Wh";"Energy";;0;
1519931161;"TIP-00078107-03-02";"601604";1e0;"Wh";"Energy";;0;
1519931162;"TIP-00078155-03-02";"1125620";1e0;"Wh";"Energy";;0;
1519931280;"TIP-00078107-03-02";"601661";1e0;"Wh";"Energy";;0;
1519931282;"TIP-00078155-03-02";"1125787";1e0;"Wh";"Energy";;0;
1519931401;"TIP-00078107-03-02";"601720";1e0;"Wh";"Energy";;0;
1519931402;"TIP-00078155-03-02";"1125982";1e0;"Wh";"Energy";;0;
1519931521;"TIP-00078107-03-02";"601776";1e0;"Wh";"Energy";;0;
1519931522;"TIP-00078155-03-02";"1126021";1e0;"Wh";"Energy";;0;
1519931640;"TIP-00078107-03-02";"601832";1e0;"Wh";"Energy";;0;
1519931642;"TIP-00078155-03-02";"1126060";1e0;"Wh";"Energy";;0;
1519931761;"TIP-00078107-03-02";"601891";1e0;"Wh";"Energy";;0;
1519931762;"TIP-00078155-03-02";"1126098";1e0;"Wh";"Energy";;0;
1519931880;"TIP-00078107-03-02";"602058";1e0;"Wh";"Energy";;0;
1519931882;"TIP-00078155-03-02";"1126137";1e0;"Wh";"Energy";;0;
1519932000;"TIP-00078107-03-02";"602238";1e0;"Wh";"Energy";;0;
1519932002;"TIP-00078155-03-02";"1126176";1e0;"Wh";"Energy";;0;
1519932121;"TIP-00078107-03-02";"602324";1e0;"Wh";"Energy";;0;
1519932122;"TIP-00078155-03-02";"1126214";1e0;"Wh";"Energy";;0;
1519932240;"TIP-00078107-03-02";"602571";1e0;"Wh";"Energy";;0;
1519932242;"TIP-00078155-03-02";"1126252";1e0;"Wh";"Energy";;0;
1519932360;"TIP-00078107-03-02";"602690";1e0;"Wh";"Energy";;0;
1519932362;"TIP-00078155-03-02";"1126291";1e0;"Wh";"Energy";;0;
1519932481;"TIP-00078107-03-02";"602928";1e0;"Wh";"Energy";;0;
1519932482;"TIP-00078155-03-02";"1126330";1e0;"Wh";"Energy";;0;
1519932600;"TIP-00078107-03-02";"602975";1e0;"Wh";"Energy";;0;
1519932602;"TIP-00078155-03-02";"1126369";1e0;"Wh";"Energy";;0;
1519932720;"TIP-00078107-03-02";"603025";1e0;"Wh";"Energy";;0;
1519932722;"TIP-00078155-03-02";"1126407";1e0;"Wh";"Energy";;0;
1519932841;"TIP-00078107-03-02";"603075";1e0;"Wh";"Energy";;0;
1519932842;"TIP-00078155-03-02";"1126445";1e0;"Wh";"Energy";;0;
1519932960;"TIP-00078107-03-02";"603129";1e0;"Wh";"Energy";;0;
1519932962;"TIP-00078155-03-02";"1126483";1e0;"Wh";"Energy";;0;
1519933081;"TIP-00078107-03-02";"603291";1e0;"Wh";"Energy";;0;
1519933082;"TIP-00078155-03-02";"1126521";1e0;"Wh";"Energy";;0;
1519933200;"TIP-00078155-03-02";"1126558";1e0;"Wh";"Energy";;0;
1519933203;"TIP-00078107-03-02";"603456";1e0;"Wh";"Energy";;0;
1519933356;"TIP-00078107-03-02";"603598";1e0;"Wh";"Energy";;0;
1519933358;"TIP-00078155-03-02";"1126608";1e0;"Wh";"Energy";;0;
1519933441;"TIP-00078107-03-02";"603731";1e0;"Wh";"Energy";;0;
1519933442;"TIP-00078155-03-02";"1126635";1e0;"Wh";"Energy";;0;
1519933560;"TIP-00078107-03-02";"603820";1e0;"Wh";"Energy";;0;
1519933562;"TIP-00078155-03-02";"1126673";1e0;"Wh";"Energy";;0;
1519933680;"TIP-00078107-03-02";"603870";1e0;"Wh";"Energy";;0;
1519933682;"TIP-00078155-03-02";"1126711";1e0;"Wh";"Energy";;0;
1519933801;"TIP-00078107-03-02";"603920";1e0;"Wh";"Energy";;0;
1519933802;"TIP-00078155-03-02";"1126749";1e0;"Wh";"Energy";;0;
1519933921;"TIP-00078107-03-02";"603973";1e0;"Wh";"Energy";;0;
1519933922;"TIP-00078155-03-02";"1126787";1e0;"Wh";"Energy";;0;
1519934040;"TIP-00078107-03-02";"604027";1e0;"Wh";"Energy";;0;
1519934042;"TIP-00078155-03-02";"1126794";1e0;"Wh";"Energy";;0;
1519934161;"TIP-00078107-03-02";"604082";1e0;"Wh";"Energy";;0;
1519934162;"TIP-00078155-03-02";"1126794";1e0;"Wh";"Energy";;0;
1519934280;"TIP-00078107-03-02";"604137";1e0;"Wh";"Energy";;0;
1519934282;"TIP-00078155-03-02";"1126794";1e0;"Wh";"Energy";;0;
1519934400;"TIP-00078107-03-02";"604194";1e0;"Wh";"Energy";;0;
1519934402;"TIP-00078155-03-02";"1126794";1e0;"Wh";"Energy";;0;
1519934521;"TIP-00078107-03-02";"604249";1e0;"Wh";"Energy";;0;
1519934522;"TIP-00078155-03-02";"1126794";1e0;"Wh";"Energy";;0;
1519934640;"TIP-00078107-03-02";"604306";1e0;"Wh";"Energy";;0;
1519934642;"TIP-00078155-03-02";"1126794";1e0;"Wh";"Energy";;0;
1519934760;"TIP-00078107-03-02";"604363";1e0;"Wh";"Energy";;0;
1519934762;"TIP-00078155-03-02";"1126794";1e0;"Wh";"Energy";;0;
1519934881;"TIP-00078107-03-02";"604420";1e0;"Wh";"Energy";;0;
1519934882;"TIP-00078155-03-02";"1126794";1e0;"Wh";"Energy";;0;
1519935000;"TIP-00078107-03-02";"604476";1e0;"Wh";"Energy";;0;
1519935002;"TIP-00078155-03-02";"1126794";1e0;"Wh";"Energy";;0;
1519935120;"TIP-00078107-03-02";"604535";1e0;"Wh";"Energy";;0;
1519935122;"TIP-00078155-03-02";"1126794";1e0;"Wh";"Energy";;0;
1519935241;"TIP-00078107-03-02";"604592";1e0;"Wh";"Energy";;0;
1519935242;"TIP-00078155-03-02";"1126794";1e0;"Wh";"Energy";;0;
1519935360;"TIP-00078107-03-02";"604649";1e0;"Wh";"Energy";;0;
1519935362;"TIP-00078155-03-02";"1126794";1e0;"Wh";"Energy";;0;
1519935481;"TIP-00078107-03-02";"604788";1e0;"Wh";"Energy";;0;
1519935482;"TIP-00078155-03-02";"1126794";1e0;"Wh";"Energy";;0;
1519935600;"TIP-00078107-03-02";"604874";1e0;"Wh";"Energy";;0;
1519935602;"TIP-00078155-03-02";"1126794";1e0;"Wh";"Energy";;0;
1519935750;"TIP-00078107-03-02";"605055";1e0;"Wh";"Energy";;0;
1519935752;"TIP-00078155-03-02";"1126794";1e0;"Wh";"Energy";;0;
1519935841;"TIP-00078107-03-02";"605096";1e0;"Wh";"Energy";;0;
1519935842;"TIP-00078155-03-02";"1126794";1e0;"Wh";"Energy";;0;
1519935960;"TIP-00078107-03-02";"605278";1e0;"Wh";"Energy";;0;
1519935962;"TIP-00078155-03-02";"1126794";1e0;"Wh";"Energy";;0;
1519936081;"TIP-00078107-03-02";"605424";1e0;"Wh";"Energy";;0;
1519936082;"TIP-00078155-03-02";"1126794";1e0;"Wh";"Energy";;0;
1519936200;"TIP-00078107-03-02";"605476";1e0;"Wh";"Energy";;0;
1519936202;"TIP-00078155-03-02";"1126794";1e0;"Wh";"Energy";;0;
1519936320;"TIP-00078107-03-02";"605666";1e0;"Wh";"Energy";;0;
1519936322;"TIP-00078155-03-02";"1126794";1e0;"Wh";"Energy";;0;
1519936441;"TIP-00078107-03-02";"605893";1e0;"Wh";"Energy";;0;
1519936442;"TIP-00078155-03-02";"1126795";1e0;"Wh";"Energy";;0;
1519936560;"TIP-00078107-03-02";"606067";1e0;"Wh";"Energy";;0;
1519936562;"TIP-00078155-03-02";"1126795";1e0;"Wh";"Energy";;0;
1519936681;"TIP-00078107-03-02";"606115";1e0;"Wh";"Energy";;0;
1519936682;"TIP-00078155-03-02";"1126795";1e0;"Wh";"Energy";;0;
1519936800;"TIP-00078107-03-02";"606166";1e0;"Wh";"Energy";;0;
1519936802;"TIP-00078155-03-02";"1126795";1e0;"Wh";"Energy";;0;
1519936920;"TIP-00078107-03-02";"606277";1e0;"Wh";"Energy";;0;
1519936922;"TIP-00078155-03-02";"1126795";1e0;"Wh";"Energy";;0;
1519937041;"TIP-00078107-03-02";"606461";1e0;"Wh";"Energy";;0;
1519937042;"TIP-00078155-03-02";"1126795";1e0;"Wh";"Energy";;0;
1519937160;"TIP-00078107-03-02";"606644";1e0;"Wh";"Energy";;0;
1519937162;"TIP-00078155-03-02";"1126795";1e0;"Wh";"Energy";;0;
1519937280;"TIP-00078107-03-02";"606810";1e0;"Wh";"Energy";;0;
1519937282;"TIP-00078155-03-02";"1126795";1e0;"Wh";"Energy";;0;
1519937400;"TIP-00078107-03-02";"606930";1e0;"Wh";"Energy";;0;
1519937402;"TIP-00078155-03-02";"1126795";1e0;"Wh";"Energy";;0;
1519937520;"TIP-00078107-03-02";"606975";1e0;"Wh";"Energy";;0;
1519937522;"TIP-00078155-03-02";"1126795";1e0;"Wh";"Energy";;0;
1519937641;"TIP-00078107-03-02";"607021";1e0;"Wh";"Energy";;0;
1519937642;"TIP-00078155-03-02";"1126795";1e0;"Wh";"Energy";;0;
1519937760;"TIP-00078107-03-02";"607070";1e0;"Wh";"Energy";;0;
1519937762;"TIP-00078155-03-02";"1126795";1e0;"Wh";"Energy";;0;
1519937880;"TIP-00078107-03-02";"607147";1e0;"Wh";"Energy";;0;
1519937882;"TIP-00078155-03-02";"1126795";1e0;"Wh";"Energy";;0;
1519938000;"TIP-00078155-03-02";"1126795";1e0;"Wh";"Energy";;0;
1519938003;"TIP-00078107-03-02";"607342";1e0;"Wh";"Energy";;0;
1519938112;"TIP-00078107-03-02";"607503";1e0;"Wh";"Energy";;0;
1519938114;"TIP-00078155-03-02";"1126795";1e0;"Wh";"Energy";;0;
1519938120;"TIP-00078107-03-02";"607522";1e0;"Wh";"Energy";;0;
1519938122;"TIP-00078155-03-02";"1126795";1e0;"Wh";"Energy";;0;
1519938241;"TIP-00078107-03-02";"607697";1e0;"Wh";"Energy";;0;
1519938242;"TIP-00078155-03-02";"1126795";1e0;"Wh";"Energy";;0;
1519938360;"TIP-00078107-03-02";"607815";1e0;"Wh";"Energy";;0;
1519938362;"TIP-00078155-03-02";"1126795";1e0;"Wh";"Energy";;0;
1519938481;"TIP-00078107-03-02";"607860";1e0;"Wh";"Energy";;0;
1519938482;"TIP-00078155-03-02";"1126795";1e0;"Wh";"Energy";;0;
1519938600;"TIP-00078107-03-02";"607906";1e0;"Wh";"Energy";;0;
1519938602;"TIP-00078155-03-02";"1126795";1e0;"Wh";"Energy";;0;
1519938720;"TIP-00078107-03-02";"607929";1e0;"Wh";"Energy";;0;
1519938722;"TIP-00078155-03-02";"1126795";1e0;"Wh";"Energy";;0;
1519938841;"TIP-00078107-03-02";"607929";1e0;"Wh";"Energy";;0;
1519938842;"TIP-00078155-03-02";"1126795";1e0;"Wh";"Energy";;0;
1519938960;"TIP-00078107-03-02";"607929";1e0;"Wh";"Energy";;0;
1519938962;"TIP-00078155-03-02";"1126795";1e0;"Wh";"Energy";;0;
1519939081;"TIP-00078107-03-02";"607929";1e0;"Wh";"Energy";;0;
1519939082;"TIP-00078155-03-02";"1126795";1e0;"Wh";"Energy";;0;
1519939200;"TIP-00078107-03-02";"607929";1e0;"Wh";"Energy";;0;
1519939202;"TIP-00078155-03-02";"1126795";1e0;"Wh";"Energy";;0;
1519939320;"TIP-00078107-03-02";"607929";1e0;"Wh";"Energy";;0;
1519939322;"TIP-00078155-03-02";"1126796";1e0;"Wh";"Energy";;0;
1519939441;"TIP-00078107-03-02";"607929";1e0;"Wh";"Energy";;0;
1519939442;"TIP-00078155-03-02";"1126796";1e0;"Wh";"Energy";;0;
1519939560;"TIP-00078107-03-02";"607929";1e0;"Wh";"Energy";;0;
1519939562;"TIP-00078155-03-02";"1126796";1e0;"Wh";"Energy";;0;
1519939681;"TIP-00078107-03-02";"607929";1e0;"Wh";"Energy";;0;
1519939682;"TIP-00078155-03-02";"1126796";1e0;"Wh";"Energy";;0;
1519939800;"TIP-00078107-03-02";"607930";1e0;"Wh";"Energy";;0;
1519939802;"TIP-00078155-03-02";"1126796";1e0;"Wh";"Energy";;0;
1519939921;"TIP-00078107-03-02";"607930";1e0;"Wh";"Energy";;0;
1519939922;"TIP-00078155-03-02";"1126796";1e0;"Wh";"Energy";;0;
1519940040;"TIP-00078107-03-02";"607930";1e0;"Wh";"Energy";;0;
1519940042;"TIP-00078155-03-02";"1126796";1e0;"Wh";"Energy";;0;
1519940161;"TIP-00078107-03-02";"607930";1e0;"Wh";"Energy";;0;
1519940162;"TIP-00078155-03-02";"1126796";1e0;"Wh";"Energy";;0;
1519940280;"TIP-00078107-03-02";"607930";1e0;"Wh";"Energy";;0;
1519940282;"TIP-00078155-03-02";"1126796";1e0;"Wh";"Energy";;0;
1519940401;"TIP-00078107-03-02";"607930";1e0;"Wh";"Energy";;0;
1519940402;"TIP-00078155-03-02";"1126796";1e0;"Wh";"Energy";;0;
1519940560;"TIP-00078107-03-02";"607930";1e0;"Wh";"Energy";;0;
1519940562;"TIP-00078155-03-02";"1126796";1e0;"Wh";"Energy";;0;
1519940641;"TIP-00078107-03-02";"607930";1e0;"Wh";"Energy";;0;
1519940642;"TIP-00078155-03-02";"1126796";1e0;"Wh";"Energy";;0;
1519940760;"TIP-00078107-03-02";"607930";1e0;"Wh";"Energy";;0;
1519940762;"TIP-00078155-03-02";"1126796";1e0;"Wh";"Energy";;0;
1519940881;"TIP-00078107-03-02";"607930";1e0;"Wh";"Energy";;0;
1519940882;"TIP-00078155-03-02";"1126796";1e0;"Wh";"Energy";;0;
1519941000;"TIP-00078107-03-02";"607931";1e0;"Wh";"Energy";;0;
1519941002;"TIP-00078155-03-02";"1126796";1e0;"Wh";"Energy";;0;
1519941121;"TIP-00078107-03-02";"607931";1e0;"Wh";"Energy";;0;
1519941122;"TIP-00078155-03-02";"1126796";1e0;"Wh";"Energy";;0;
1519941240;"TIP-00078107-03-02";"607931";1e0;"Wh";"Energy";;0;
1519941242;"TIP-00078155-03-02";"1126796";1e0;"Wh";"Energy";;0;
1519941361;"TIP-00078107-03-02";"607931";1e0;"Wh";"Energy";;0;
1519941362;"TIP-00078155-03-02";"1126796";1e0;"Wh";"Energy";;0;
1519941480;"TIP-00078107-03-02";"607931";1e0;"Wh";"Energy";;0;
1519941482;"TIP-00078155-03-02";"1126796";1e0;"Wh";"Energy";;0;
1519941600;"TIP-00078107-03-02";"607931";1e0;"Wh";"Energy";;0;
1519941602;"TIP-00078155-03-02";"1126796";1e0;"Wh";"Energy";;0;
1519941721;"TIP-00078107-03-02";"607931";1e0;"Wh";"Energy";;0;
1519941722;"TIP-00078155-03-02";"1126796";1e0;"Wh";"Energy";;0;
1519941840;"TIP-00078107-03-02";"607931";1e0;"Wh";"Energy";;0;
1519941842;"TIP-00078155-03-02";"1126797";1e0;"Wh";"Energy";;0;
1519941961;"TIP-00078107-03-02";"607931";1e0;"Wh";"Energy";;0;
1519941962;"TIP-00078155-03-02";"1126797";1e0;"Wh";"Energy";;0;
1519942080;"TIP-00078107-03-02";"607931";1e0;"Wh";"Energy";;0;
1519942082;"TIP-00078155-03-02";"1126797";1e0;"Wh";"Energy";;0;
1519942200;"TIP-00078107-03-02";"607932";1e0;"Wh";"Energy";;0;
1519942202;"TIP-00078155-03-02";"1126797";1e0;"Wh";"Energy";;0;
1519942320;"TIP-00078107-03-02";"607932";1e0;"Wh";"Energy";;0;
1519942322;"TIP-00078155-03-02";"1126797";1e0;"Wh";"Energy";;0;
1519942441;"TIP-00078107-03-02";"607932";1e0;"Wh";"Energy";;0;
1519942442;"TIP-00078155-03-02";"1126797";1e0;"Wh";"Energy";;0;
1519942560;"TIP-00078107-03-02";"607932";1e0;"Wh";"Energy";;0;
1519942562;"TIP-00078155-03-02";"1126797";1e0;"Wh";"Energy";;0;
1519942681;"TIP-00078107-03-02";"607932";1e0;"Wh";"Energy";;0;
1519942682;"TIP-00078155-03-02";"1126797";1e0;"Wh";"Energy";;0;
1519942800;"TIP-00078107-03-02";"607932";1e0;"Wh";"Energy";;0;
1519942802;"TIP-00078155-03-02";"1126797";1e0;"Wh";"Energy";;0;
1519942941;"TIP-00078107-03-02";"607932";1e0;"Wh";"Energy";;0;
1519942943;"TIP-00078155-03-02";"1126797";1e0;"Wh";"Energy";;0;
1519943040;"TIP-00078107-03-02";"607932";1e0;"Wh";"Energy";;0;
1519943042;"TIP-00078155-03-02";"1126797";1e0;"Wh";"Energy";;0;
1519943161;"TIP-00078107-03-02";"607932";1e0;"Wh";"Energy";;0;
1519943162;"TIP-00078155-03-02";"1126797";1e0;"Wh";"Energy";;0;
1519943280;"TIP-00078107-03-02";"607932";1e0;"Wh";"Energy";;0;
1519943282;"TIP-00078155-03-02";"1126797";1e0;"Wh";"Energy";;0;
1519943401;"TIP-00078107-03-02";"607933";1e0;"Wh";"Energy";;0;
1519943403;"TIP-00078155-03-02";"1126797";1e0;"Wh";"Energy";;0;
1519943520;"TIP-00078107-03-02";"607933";1e0;"Wh";"Energy";;0;
1519943522;"TIP-00078155-03-02";"1126797";1e0;"Wh";"Energy";;0;
1519943641;"TIP-00078107-03-02";"607933";1e0;"Wh";"Energy";;0;
1519943642;"TIP-00078155-03-02";"1126797";1e0;"Wh";"Energy";;0;
1519943760;"TIP-00078107-03-02";"607933";1e0;"Wh";"Energy";;0;
1519943762;"TIP-00078155-03-02";"1126797";1e0;"Wh";"Energy";;0;
1519943881;"TIP-00078107-03-02";"607933";1e0;"Wh";"Energy";;0;
1519943882;"TIP-00078155-03-02";"1126797";1e0;"Wh";"Energy";;0;
1519944000;"TIP-00078107-03-02";"607933";1e0;"Wh";"Energy";;0;
1519944002;"TIP-00078155-03-02";"1126797";1e0;"Wh";"Energy";;0;
1519944121;"TIP-00078107-03-02";"607933";1e0;"Wh";"Energy";;0;
1519944122;"TIP-00078155-03-02";"1126797";1e0;"Wh";"Energy";;0;
1519944240;"TIP-00078107-03-02";"607933";1e0;"Wh";"Energy";;0;
1519944242;"TIP-00078155-03-02";"1126798";1e0;"Wh";"Energy";;0;
1519944361;"TIP-00078107-03-02";"607933";1e0;"Wh";"Energy";;0;
1519944362;"TIP-00078155-03-02";"1126798";1e0;"Wh";"Energy";;0;
1519944480;"TIP-00078107-03-02";"607934";1e0;"Wh";"Energy";;0;
1519944482;"TIP-00078155-03-02";"1126798";1e0;"Wh";"Energy";;0;
1519944600;"TIP-00078107-03-02";"607934";1e0;"Wh";"Energy";;0;
1519944602;"TIP-00078155-03-02";"1126798";1e0;"Wh";"Energy";;0;
1519944720;"TIP-00078107-03-02";"607934";1e0;"Wh";"Energy";;0;
1519944722;"TIP-00078155-03-02";"1126798";1e0;"Wh";"Energy";;0;
1519944841;"TIP-00078107-03-02";"607934";1e0;"Wh";"Energy";;0;
1519944842;"TIP-00078155-03-02";"1126798";1e0;"Wh";"Energy";;0;
1519944960;"TIP-00078107-03-02";"607934";1e0;"Wh";"Energy";;0;
1519944962;"TIP-00078155-03-02";"1126798";1e0;"Wh";"Energy";;0;
1519945081;"TIP-00078107-03-02";"607934";1e0;"Wh";"Energy";;0;
1519945082;"TIP-00078155-03-02";"1126798";1e0;"Wh";"Energy";;0;
1519945201;"TIP-00078107-03-02";"607934";1e0;"Wh";"Energy";;0;
1519945203;"TIP-00078155-03-02";"1126798";1e0;"Wh";"Energy";;0;
1519945302;"TIP-00078107-03-02";"607934";1e0;"Wh";"Energy";;0;
1519945304;"TIP-00078155-03-02";"1126798";1e0;"Wh";"Energy";;0;
1519945321;"TIP-00078107-03-02";"607934";1e0;"Wh";"Energy";;0;
1519945322;"TIP-00078155-03-02";"1126798";1e0;"Wh";"Energy";;0;
1519945440;"TIP-00078107-03-02";"607934";1e0;"Wh";"Energy";;0;
1519945442;"TIP-00078155-03-02";"1126798";1e0;"Wh";"Energy";;0;
1519945560;"TIP-00078107-03-02";"607934";1e0;"Wh";"Energy";;0;
1519945562;"TIP-00078155-03-02";"1126798";1e0;"Wh";"Energy";;0;
1519945681;"TIP-00078107-03-02";"607935";1e0;"Wh";"Energy";;0;
1519945682;"TIP-00078155-03-02";"1126798";1e0;"Wh";"Energy";;0;
1519945800;"TIP-00078107-03-02";"607935";1e0;"Wh";"Energy";;0;
1519945802;"TIP-00078155-03-02";"1126798";1e0;"Wh";"Energy";;0;
1519945921;"TIP-00078107-03-02";"607935";1e0;"Wh";"Energy";;0;
1519945922;"TIP-00078155-03-02";"1126798";1e0;"Wh";"Energy";;0;
1519946040;"TIP-00078107-03-02";"607935";1e0;"Wh";"Energy";;0;
1519946042;"TIP-00078155-03-02";"1126798";1e0;"Wh";"Energy";;0;
1519946161;"TIP-00078107-03-02";"607935";1e0;"Wh";"Energy";;0;
1519946162;"TIP-00078155-03-02";"1126798";1e0;"Wh";"Energy";;0;
1519946280;"TIP-00078107-03-02";"607935";1e0;"Wh";"Energy";;0;
1519946282;"TIP-00078155-03-02";"1126798";1e0;"Wh";"Energy";;0;
1519946401;"TIP-00078107-03-02";"607935";1e0;"Wh";"Energy";;0;
1519946403;"TIP-00078155-03-02";"1126798";1e0;"Wh";"Energy";;0;
1519946520;"TIP-00078107-03-02";"607935";1e0;"Wh";"Energy";;0;
1519946522;"TIP-00078155-03-02";"1126799";1e0;"Wh";"Energy";;0;
1519946641;"TIP-00078107-03-02";"607935";1e0;"Wh";"Energy";;0;
1519946642;"TIP-00078155-03-02";"1126799";1e0;"Wh";"Energy";;0;
1519946760;"TIP-00078107-03-02";"607936";1e0;"Wh";"Energy";;0;
1519946762;"TIP-00078155-03-02";"1126799";1e0;"Wh";"Energy";;0;
1519946881;"TIP-00078107-03-02";"607936";1e0;"Wh";"Energy";;0;
1519946882;"TIP-00078155-03-02";"1126799";1e0;"Wh";"Energy";;0;
1519947000;"TIP-00078107-03-02";"607936";1e0;"Wh";"Energy";;0;
1519947002;"TIP-00078155-03-02";"1126799";1e0;"Wh";"Energy";;0;
1519947121;"TIP-00078107-03-02";"607936";1e0;"Wh";"Energy";;0;
1519947122;"TIP-00078155-03-02";"1126799";1e0;"Wh";"Energy";;0;
1519947240;"TIP-00078107-03-02";"607936";1e0;"Wh";"Energy";;0;
1519947242;"TIP-00078155-03-02";"1126799";1e0;"Wh";"Energy";;0;
1519947360;"TIP-00078107-03-02";"607936";1e0;"Wh";"Energy";;0;
1519947362;"TIP-00078155-03-02";"1126799";1e0;"Wh";"Energy";;0;
1519947481;"TIP-00078107-03-02";"607936";1e0;"Wh";"Energy";;0;
1519947482;"TIP-00078155-03-02";"1126799";1e0;"Wh";"Energy";;0;
1519947600;"TIP-00078107-03-02";"607936";1e0;"Wh";"Energy";;0;
1519947602;"TIP-00078155-03-02";"1126799";1e0;"Wh";"Energy";;0;
1519947704;"TIP-00078107-03-02";"607936";1e0;"Wh";"Energy";;0;
1519947706;"TIP-00078155-03-02";"1126799";1e0;"Wh";"Energy";;0;
1519947721;"TIP-00078107-03-02";"607936";1e0;"Wh";"Energy";;0;
1519947722;"TIP-00078155-03-02";"1126799";1e0;"Wh";"Energy";;0;
1519947840;"TIP-00078107-03-02";"607937";1e0;"Wh";"Energy";;0;
1519947842;"TIP-00078155-03-02";"1126799";1e0;"Wh";"Energy";;0;
1519947960;"TIP-00078107-03-02";"607937";1e0;"Wh";"Energy";;0;
1519947962;"TIP-00078155-03-02";"1126799";1e0;"Wh";"Energy";;0;
1519948081;"TIP-00078107-03-02";"607937";1e0;"Wh";"Energy";;0;
1519948082;"TIP-00078155-03-02";"1126799";1e0;"Wh";"Energy";;0;
1519948200;"TIP-00078107-03-02";"607937";1e0;"Wh";"Energy";;0;
1519948202;"TIP-00078155-03-02";"1126799";1e0;"Wh";"Energy";;0;
1519948321;"TIP-00078107-03-02";"607937";1e0;"Wh";"Energy";;0;
1519948322;"TIP-00078155-03-02";"1126799";1e0;"Wh";"Energy";;0;
1519948440;"TIP-00078107-03-02";"607937";1e0;"Wh";"Energy";;0;
1519948442;"TIP-00078155-03-02";"1126799";1e0;"Wh";"Energy";;0;
1519948561;"TIP-00078107-03-02";"607937";1e0;"Wh";"Energy";;0;
1519948562;"TIP-00078155-03-02";"1126799";1e0;"Wh";"Energy";;0;
1519948680;"TIP-00078107-03-02";"607937";1e0;"Wh";"Energy";;0;
1519948682;"TIP-00078155-03-02";"1126799";1e0;"Wh";"Energy";;0;
