"Epochzeit";"Zaehler-IDs";"Zaehlerwert";"Normale Zeit";"Stromdifferenz zwischen den Messungen";"Stromdifferenz ohne 0 & 1"
====ID:<"ID A">===
1519862400;"ID A";568661;"Thu 2018-03-01 01:00:00 CET";0
1519862521;"ID A";568661;"Thu 2018-03-01 01:02:01 CET";0
1519862640;"ID A";568661;"Thu 2018-03-01 01:04:00 CET";0
1519862761;"ID A";568661;"Thu 2018-03-01 01:06:01 CET";0
1519862880;"ID A";568661;"Thu 2018-03-01 01:08:00 CET";1
1519863001;"ID A";568662;"Thu 2018-03-01 01:10:01 CET";0
1519863120;"ID A";568662;"Thu 2018-03-01 01:12:00 CET";0
1519863241;"ID A";568662;"Thu 2018-03-01 01:14:01 CET";0
1519863360;"ID A";568662;"Thu 2018-03-01 01:16:00 CET";0
1519863481;"ID A";568662;"Thu 2018-03-01 01:18:01 CET";0
1519863600;"ID A";568662;"Thu 2018-03-01 01:20:00 CET";0
1519863714;"ID A";568662;"Thu 2018-03-01 01:21:54 CET";0
1519863720;"ID A";568662;"Thu 2018-03-01 01:22:00 CET";0
1519863841;"ID A";568662;"Thu 2018-03-01 01:24:01 CET";0
1519863960;"ID A";568662;"Thu 2018-03-01 01:26:00 CET";0
1519864080;"ID A";568662;"Thu 2018-03-01 01:28:00 CET";1
1519864201;"ID A";568663;"Thu 2018-03-01 01:30:01 CET";0
1519864320;"ID A";568663;"Thu 2018-03-01 01:32:00 CET";0
1519864441;"ID A";568663;"Thu 2018-03-01 01:34:01 CET";0
1519864560;"ID A";568663;"Thu 2018-03-01 01:36:00 CET";0
1519864681;"ID A";568663;"Thu 2018-03-01 01:38:01 CET";0
1519864800;"ID A";568663;"Thu 2018-03-01 01:40:00 CET";0
1519864920;"ID A";568663;"Thu 2018-03-01 01:42:00 CET";0
1519865040;"ID A";568663;"Thu 2018-03-01 01:44:00 CET";0
1519865161;"ID A";568663;"Thu 2018-03-01 01:46:01 CET";1
1519865280;"ID A";568664;"Thu 2018-03-01 01:48:00 CET";0
1519865401;"ID A";568664;"Thu 2018-03-01 01:50:01 CET";0
1519865521;"ID A";568664;"Thu 2018-03-01 01:52:01 CET";0
1519865640;"ID A";568664;"Thu 2018-03-01 01:54:00 CET";0
1519865761;"ID A";568664;"Thu 2018-03-01 01:56:01 CET";0
1519865880;"ID A";568664;"Thu 2018-03-01 01:58:00 CET";0
1519866000;"ID A";568664;"Thu 2018-03-01 02:00:00 CET";0
1519866143;"ID A";568664;"Thu 2018-03-01 02:02:23 CET";0
1519866241;"ID A";568664;"Thu 2018-03-01 02:04:01 CET";1
1519866360;"ID A";568665;"Thu 2018-03-01 02:06:00 CET";0
1519866481;"ID A";568665;"Thu 2018-03-01 02:08:01 CET";0
1519866600;"ID A";568665;"Thu 2018-03-01 02:10:00 CET";0
1519866720;"ID A";568665;"Thu 2018-03-01 02:12:00 CET";0
1519866841;"ID A";568665;"Thu 2018-03-01 02:14:01 CET";0
1519866960;"ID A";568665;"Thu 2018-03-01 02:16:00 CET";0
1519867081;"ID A";568665;"Thu 2018-03-01 02:18:01 CET";0
1519867200;"ID A";568665;"Thu 2018-03-01 02:20:00 CET";0
1519867320;"ID A";568665;"Thu 2018-03-01 02:22:00 CET";1
1519867441;"ID A";568666;"Thu 2018-03-01 02:24:01 CET";0
1519867560;"ID A";568666;"Thu 2018-03-01 02:26:00 CET";0
1519867681;"ID A";568666;"Thu 2018-03-01 02:28:01 CET";0
1519867800;"ID A";568666;"Thu 2018-03-01 02:30:00 CET";0
1519867920;"ID A";568666;"Thu 2018-03-01 02:32:00 CET";0
1519868040;"ID A";568666;"Thu 2018-03-01 02:34:00 CET";0
1519868160;"ID A";568666;"Thu 2018-03-01 02:36:00 CET";0
1519868280;"ID A";568666;"Thu 2018-03-01 02:38:00 CET";0
1519868400;"ID A";568666;"Thu 2018-03-01 02:40:00 CET";1
1519868551;"ID A";568667;"Thu 2018-03-01 02:42:31 CET";0
1519868641;"ID A";568667;"Thu 2018-03-01 02:44:01 CET";0
1519868760;"ID A";568667;"Thu 2018-03-01 02:46:00 CET";0
1519868880;"ID A";568667;"Thu 2018-03-01 02:48:00 CET";0
1519869000;"ID A";568667;"Thu 2018-03-01 02:50:00 CET";0
1519869120;"ID A";568667;"Thu 2018-03-01 02:52:00 CET";0
1519869241;"ID A";568667;"Thu 2018-03-01 02:54:01 CET";0
1519869360;"ID A";568667;"Thu 2018-03-01 02:56:00 CET";0
1519869481;"ID A";568667;"Thu 2018-03-01 02:58:01 CET";1
1519869600;"ID A";568668;"Thu 2018-03-01 03:00:00 CET";0
1519869720;"ID A";568668;"Thu 2018-03-01 03:02:00 CET";0
1519869841;"ID A";568668;"Thu 2018-03-01 03:04:01 CET";0
1519869960;"ID A";568668;"Thu 2018-03-01 03:06:00 CET";0
1519870081;"ID A";568668;"Thu 2018-03-01 03:08:01 CET";0
1519870200;"ID A";568668;"Thu 2018-03-01 03:10:00 CET";0
1519870320;"ID A";568668;"Thu 2018-03-01 03:12:00 CET";0
1519870441;"ID A";568668;"Thu 2018-03-01 03:14:01 CET";0
1519870560;"ID A";568668;"Thu 2018-03-01 03:16:00 CET";1
1519870681;"ID A";568669;"Thu 2018-03-01 03:18:01 CET";0
1519870800;"ID A";568669;"Thu 2018-03-01 03:20:00 CET";0
1519870955;"ID A";568669;"Thu 2018-03-01 03:22:35 CET";0
1519871040;"ID A";568669;"Thu 2018-03-01 03:24:00 CET";0
1519871160;"ID A";568669;"Thu 2018-03-01 03:26:00 CET";0
1519871281;"ID A";568669;"Thu 2018-03-01 03:28:01 CET";0
1519871400;"ID A";568669;"Thu 2018-03-01 03:30:00 CET";0
1519871520;"ID A";568669;"Thu 2018-03-01 03:32:00 CET";0
1519871641;"ID A";568669;"Thu 2018-03-01 03:34:01 CET";1
1519871760;"ID A";568670;"Thu 2018-03-01 03:36:00 CET";0
1519871880;"ID A";568670;"Thu 2018-03-01 03:38:00 CET";0
1519872001;"ID A";568670;"Thu 2018-03-01 03:40:01 CET";0
1519872121;"ID A";568670;"Thu 2018-03-01 03:42:01 CET";0
1519872240;"ID A";568670;"Thu 2018-03-01 03:44:00 CET";0
1519872361;"ID A";568670;"Thu 2018-03-01 03:46:01 CET";0
1519872480;"ID A";568670;"Thu 2018-03-01 03:48:00 CET";0
1519872601;"ID A";568670;"Thu 2018-03-01 03:50:01 CET";0
1519872721;"ID A";568670;"Thu 2018-03-01 03:52:01 CET";1
1519872840;"ID A";568671;"Thu 2018-03-01 03:54:00 CET";0
1519872960;"ID A";568671;"Thu 2018-03-01 03:56:00 CET";0
1519873081;"ID A";568671;"Thu 2018-03-01 03:58:01 CET";0
1519873200;"ID A";568671;"Thu 2018-03-01 04:00:00 CET";0
1519873322;"ID A";568671;"Thu 2018-03-01 04:02:02 CET";0
1519873440;"ID A";568671;"Thu 2018-03-01 04:04:00 CET";0
1519873560;"ID A";568671;"Thu 2018-03-01 04:06:00 CET";0
1519873680;"ID A";568671;"Thu 2018-03-01 04:08:00 CET";0
1519873801;"ID A";568671;"Thu 2018-03-01 04:10:01 CET";1
1519873921;"ID A";568672;"Thu 2018-03-01 04:12:01 CET";0
1519874040;"ID A";568672;"Thu 2018-03-01 04:14:00 CET";0
1519874161;"ID A";568672;"Thu 2018-03-01 04:16:01 CET";0
1519874281;"ID A";568672;"Thu 2018-03-01 04:18:01 CET";0
1519874400;"ID A";568672;"Thu 2018-03-01 04:20:00 CET";0
1519874520;"ID A";568672;"Thu 2018-03-01 04:22:00 CET";0
1519874641;"ID A";568672;"Thu 2018-03-01 04:24:01 CET";0
1519874760;"ID A";568672;"Thu 2018-03-01 04:26:00 CET";0
1519874880;"ID A";568672;"Thu 2018-03-01 04:28:00 CET";1
1519875001;"ID A";568673;"Thu 2018-03-01 04:30:01 CET";0
1519875121;"ID A";568673;"Thu 2018-03-01 04:32:01 CET";0
1519875240;"ID A";568673;"Thu 2018-03-01 04:34:00 CET";0
1519875360;"ID A";568673;"Thu 2018-03-01 04:36:00 CET";0
1519875481;"ID A";568673;"Thu 2018-03-01 04:38:01 CET";0
1519875601;"ID A";568673;"Thu 2018-03-01 04:40:01 CET";0
1519875702;"ID A";568673;"Thu 2018-03-01 04:41:42 CET";0
1519875721;"ID A";568673;"Thu 2018-03-01 04:42:01 CET";0
1519875840;"ID A";568673;"Thu 2018-03-01 04:44:00 CET";0
1519875961;"ID A";568673;"Thu 2018-03-01 04:46:01 CET";1
1519876080;"ID A";568674;"Thu 2018-03-01 04:48:00 CET";0
1519876200;"ID A";568674;"Thu 2018-03-01 04:50:00 CET";0
1519876320;"ID A";568674;"Thu 2018-03-01 04:52:00 CET";0
1519876441;"ID A";568674;"Thu 2018-03-01 04:54:01 CET";0
1519876560;"ID A";568674;"Thu 2018-03-01 04:56:00 CET";0
1519876680;"ID A";568674;"Thu 2018-03-01 04:58:00 CET";0
1519876801;"ID A";568674;"Thu 2018-03-01 05:00:01 CET";0
1519876921;"ID A";568674;"Thu 2018-03-01 05:02:01 CET";0
1519877040;"ID A";568674;"Thu 2018-03-01 05:04:00 CET";1
1519877160;"ID A";568675;"Thu 2018-03-01 05:06:00 CET";0
1519877281;"ID A";568675;"Thu 2018-03-01 05:08:01 CET";12;12
1519877400;"ID A";568687;"Thu 2018-03-01 05:10:00 CET";58;58
1519877520;"ID A";568745;"Thu 2018-03-01 05:12:00 CET";56;56
1519877641;"ID A";568801;"Thu 2018-03-01 05:14:01 CET";55;55
1519877760;"ID A";568856;"Thu 2018-03-01 05:16:00 CET";50;50
1519877880;"ID A";568906;"Thu 2018-03-01 05:18:00 CET";48;48
1519878001;"ID A";568954;"Thu 2018-03-01 05:20:01 CET";39;39
1519878091;"ID A";568993;"Thu 2018-03-01 05:21:31 CET";11;11
1519878121;"ID A";569004;"Thu 2018-03-01 05:22:01 CET";48;48
1519878240;"ID A";569052;"Thu 2018-03-01 05:24:00 CET";48;48
1519878360;"ID A";569100;"Thu 2018-03-01 05:26:00 CET";49;49
1519878481;"ID A";569149;"Thu 2018-03-01 05:28:01 CET";48;48
1519878601;"ID A";569197;"Thu 2018-03-01 05:30:01 CET";46;46
1519878720;"ID A";569243;"Thu 2018-03-01 05:32:00 CET";47;47
1519878840;"ID A";569290;"Thu 2018-03-01 05:34:00 CET";48;48
1519878961;"ID A";569338;"Thu 2018-03-01 05:36:01 CET";47;47
1519879080;"ID A";569385;"Thu 2018-03-01 05:38:00 CET";46;46
1519879200;"ID A";569431;"Thu 2018-03-01 05:40:00 CET";46;46
1519879320;"ID A";569477;"Thu 2018-03-01 05:42:00 CET";47;47
1519879440;"ID A";569524;"Thu 2018-03-01 05:44:00 CET";47;47
1519879561;"ID A";569571;"Thu 2018-03-01 05:46:01 CET";45;45
1519879680;"ID A";569616;"Thu 2018-03-01 05:48:00 CET";47;47
1519879800;"ID A";569663;"Thu 2018-03-01 05:50:00 CET";48;48
1519879920;"ID A";569711;"Thu 2018-03-01 05:52:00 CET";46;46
1519880041;"ID A";569757;"Thu 2018-03-01 05:54:01 CET";48;48
1519880160;"ID A";569805;"Thu 2018-03-01 05:56:00 CET";47;47
1519880280;"ID A";569852;"Thu 2018-03-01 05:58:00 CET";45;45
1519880401;"ID A";569897;"Thu 2018-03-01 06:00:01 CET";44;44
1519880515;"ID A";569941;"Thu 2018-03-01 06:01:55 CET";2;2
1519880521;"ID A";569943;"Thu 2018-03-01 06:02:01 CET";46;46
1519880640;"ID A";569989;"Thu 2018-03-01 06:04:00 CET";46;46
1519880760;"ID A";570035;"Thu 2018-03-01 06:06:00 CET";46;46
1519880881;"ID A";570081;"Thu 2018-03-01 06:08:01 CET";46;46
1519881000;"ID A";570127;"Thu 2018-03-01 06:10:00 CET";46;46
1519881121;"ID A";570173;"Thu 2018-03-01 06:12:01 CET";45;45
1519881240;"ID A";570218;"Thu 2018-03-01 06:14:00 CET";46;46
1519881361;"ID A";570264;"Thu 2018-03-01 06:16:01 CET";45;45
1519881481;"ID A";570309;"Thu 2018-03-01 06:18:01 CET";45;45
1519881600;"ID A";570354;"Thu 2018-03-01 06:20:00 CET";46;46
1519881720;"ID A";570400;"Thu 2018-03-01 06:22:00 CET";45;45
1519881840;"ID A";570445;"Thu 2018-03-01 06:24:00 CET";106;106
1519881961;"ID A";570551;"Thu 2018-03-01 06:26:01 CET";108;108
1519882081;"ID A";570659;"Thu 2018-03-01 06:28:01 CET";141;141
1519882200;"ID A";570800;"Thu 2018-03-01 06:30:00 CET";145;145
1519882320;"ID A";570945;"Thu 2018-03-01 06:32:00 CET";163;163
1519882440;"ID A";571108;"Thu 2018-03-01 06:34:00 CET";137;137
1519882561;"ID A";571245;"Thu 2018-03-01 06:36:01 CET";139;139
1519882681;"ID A";571384;"Thu 2018-03-01 06:38:01 CET";76;76
1519882800;"ID A";571460;"Thu 2018-03-01 06:40:00 CET";42;42
1519882910;"ID A";571502;"Thu 2018-03-01 06:41:50 CET";4;4
1519882921;"ID A";571506;"Thu 2018-03-01 06:42:01 CET";46;46
1519883041;"ID A";571552;"Thu 2018-03-01 06:44:01 CET";45;45
1519883160;"ID A";571597;"Thu 2018-03-01 06:46:00 CET";46;46
1519883280;"ID A";571643;"Thu 2018-03-01 06:48:00 CET";77;77
1519883401;"ID A";571720;"Thu 2018-03-01 06:50:01 CET";140;140
1519883520;"ID A";571860;"Thu 2018-03-01 06:52:00 CET";173;173
1519883641;"ID A";572033;"Thu 2018-03-01 06:54:01 CET";110;110
1519883761;"ID A";572143;"Thu 2018-03-01 06:56:01 CET";138;138
1519883881;"ID A";572281;"Thu 2018-03-01 06:58:01 CET";76;76
1519884001;"ID A";572357;"Thu 2018-03-01 07:00:01 CET";107;107
1519884121;"ID A";572464;"Thu 2018-03-01 07:02:01 CET";107;107
1519884241;"ID A";572571;"Thu 2018-03-01 07:04:01 CET";124;124
1519884360;"ID A";572695;"Thu 2018-03-01 07:06:00 CET";186;186
1519884480;"ID A";572881;"Thu 2018-03-01 07:08:00 CET";170;170
1519884601;"ID A";573051;"Thu 2018-03-01 07:10:01 CET";46;46
1519884721;"ID A";573097;"Thu 2018-03-01 07:12:01 CET";45;45
1519884841;"ID A";573142;"Thu 2018-03-01 07:14:01 CET";49;49
1519884960;"ID A";573191;"Thu 2018-03-01 07:16:00 CET";136;136
1519885080;"ID A";573327;"Thu 2018-03-01 07:18:00 CET";109;109
1519885201;"ID A";573436;"Thu 2018-03-01 07:20:01 CET";200;200
1519885319;"ID A";573636;"Thu 2018-03-01 07:21:59 CET";6;6
1519885322;"ID A";573642;"Thu 2018-03-01 07:22:02 CET";165;165
1519885440;"ID A";573807;"Thu 2018-03-01 07:24:00 CET";106;106
1519885561;"ID A";573913;"Thu 2018-03-01 07:26:01 CET";45;45
1519885681;"ID A";573958;"Thu 2018-03-01 07:28:01 CET";45;45
1519885800;"ID A";574003;"Thu 2018-03-01 07:30:00 CET";46;46
1519885921;"ID A";574049;"Thu 2018-03-01 07:32:01 CET";46;46
1519886040;"ID A";574095;"Thu 2018-03-01 07:34:00 CET";76;76
1519886160;"ID A";574171;"Thu 2018-03-01 07:36:00 CET";107;107
1519886281;"ID A";574278;"Thu 2018-03-01 07:38:01 CET";167;167
1519886401;"ID A";574445;"Thu 2018-03-01 07:40:01 CET";137;137
1519886521;"ID A";574582;"Thu 2018-03-01 07:42:01 CET";196;196
1519886641;"ID A";574778;"Thu 2018-03-01 07:44:01 CET";75;75
1519886760;"ID A";574853;"Thu 2018-03-01 07:46:00 CET";46;46
1519886880;"ID A";574899;"Thu 2018-03-01 07:48:00 CET";74;74
1519887000;"ID A";574973;"Thu 2018-03-01 07:50:00 CET";45;45
1519887120;"ID A";575018;"Thu 2018-03-01 07:52:00 CET";44;44
1519887240;"ID A";575062;"Thu 2018-03-01 07:54:00 CET";44;44
1519887361;"ID A";575106;"Thu 2018-03-01 07:56:01 CET";44;44
1519887480;"ID A";575150;"Thu 2018-03-01 07:58:00 CET";45;45
1519887601;"ID A";575195;"Thu 2018-03-01 08:00:01 CET";65;65
1519887693;"ID A";575260;"Thu 2018-03-01 08:01:33 CET";40;40
1519887720;"ID A";575300;"Thu 2018-03-01 08:02:00 CET";138;138
1519887841;"ID A";575438;"Thu 2018-03-01 08:04:01 CET";112;112
1519887961;"ID A";575550;"Thu 2018-03-01 08:06:01 CET";133;133
1519888080;"ID A";575683;"Thu 2018-03-01 08:08:00 CET";75;75
1519888200;"ID A";575758;"Thu 2018-03-01 08:10:00 CET";105;105
1519888320;"ID A";575863;"Thu 2018-03-01 08:12:00 CET";105;105
1519888440;"ID A";575968;"Thu 2018-03-01 08:14:00 CET";44;44
1519888561;"ID A";576012;"Thu 2018-03-01 08:16:01 CET";44;44
1519888681;"ID A";576056;"Thu 2018-03-01 08:18:01 CET";44;44
1519888800;"ID A";576100;"Thu 2018-03-01 08:20:00 CET";44;44
1519888921;"ID A";576144;"Thu 2018-03-01 08:22:01 CET";108;108
1519889040;"ID A";576252;"Thu 2018-03-01 08:24:00 CET";166;166
1519889160;"ID A";576418;"Thu 2018-03-01 08:26:00 CET";136;136
1519889280;"ID A";576554;"Thu 2018-03-01 08:28:00 CET";174;174
1519889401;"ID A";576728;"Thu 2018-03-01 08:30:01 CET";109;109
1519889520;"ID A";576837;"Thu 2018-03-01 08:32:00 CET";109;109
1519889641;"ID A";576946;"Thu 2018-03-01 08:34:01 CET";171;171
1519889761;"ID A";577117;"Thu 2018-03-01 08:36:01 CET";166;166
1519889880;"ID A";577283;"Thu 2018-03-01 08:38:00 CET";167;167
1519890000;"ID A";577450;"Thu 2018-03-01 08:40:00 CET";68;68
1519890098;"ID A";577518;"Thu 2018-03-01 08:41:38 CET";8;8
1519890120;"ID A";577526;"Thu 2018-03-01 08:42:00 CET";77;77
1519890241;"ID A";577603;"Thu 2018-03-01 08:44:01 CET";233;233
1519890361;"ID A";577836;"Thu 2018-03-01 08:46:01 CET";233;233
1519890481;"ID A";578069;"Thu 2018-03-01 08:48:01 CET";173;173
1519890600;"ID A";578242;"Thu 2018-03-01 08:50:00 CET";77;77
1519890721;"ID A";578319;"Thu 2018-03-01 08:52:01 CET";109;109
1519890841;"ID A";578428;"Thu 2018-03-01 08:54:01 CET";187;187
1519890960;"ID A";578615;"Thu 2018-03-01 08:56:00 CET";215;215
1519891080;"ID A";578830;"Thu 2018-03-01 08:58:00 CET";165;165
1519891200;"ID A";578995;"Thu 2018-03-01 09:00:00 CET";45;45
1519891320;"ID A";579040;"Thu 2018-03-01 09:02:00 CET";44;44
1519891440;"ID A";579084;"Thu 2018-03-01 09:04:00 CET";45;45
1519891560;"ID A";579129;"Thu 2018-03-01 09:06:00 CET";79;79
1519891681;"ID A";579208;"Thu 2018-03-01 09:08:01 CET";45;45
1519891801;"ID A";579253;"Thu 2018-03-01 09:10:01 CET";76;76
1519891920;"ID A";579329;"Thu 2018-03-01 09:12:00 CET";203;203
1519892041;"ID A";579532;"Thu 2018-03-01 09:14:01 CET";141;141
1519892161;"ID A";579673;"Thu 2018-03-01 09:16:01 CET";172;172
1519892280;"ID A";579845;"Thu 2018-03-01 09:18:00 CET";107;107
1519892400;"ID A";579952;"Thu 2018-03-01 09:20:00 CET";81;81
1519892520;"ID A";580033;"Thu 2018-03-01 09:22:00 CET";2;2
1519892523;"ID A";580035;"Thu 2018-03-01 09:22:03 CET";202;202
1519892640;"ID A";580237;"Thu 2018-03-01 09:24:00 CET";172;172
1519892760;"ID A";580409;"Thu 2018-03-01 09:26:00 CET";76;76
1519892881;"ID A";580485;"Thu 2018-03-01 09:28:01 CET";78;78
1519893001;"ID A";580563;"Thu 2018-03-01 09:30:01 CET";137;137
1519893120;"ID A";580700;"Thu 2018-03-01 09:32:00 CET";44;44
1519893241;"ID A";580744;"Thu 2018-03-01 09:34:01 CET";44;44
1519893361;"ID A";580788;"Thu 2018-03-01 09:36:01 CET";44;44
1519893481;"ID A";580832;"Thu 2018-03-01 09:38:01 CET";45;45
1519893601;"ID A";580877;"Thu 2018-03-01 09:40:01 CET";76;76
1519893720;"ID A";580953;"Thu 2018-03-01 09:42:00 CET";173;173
1519893841;"ID A";581126;"Thu 2018-03-01 09:44:01 CET";173;173
1519893961;"ID A";581299;"Thu 2018-03-01 09:46:01 CET";179;179
1519894080;"ID A";581478;"Thu 2018-03-01 09:48:00 CET";104;104
1519894200;"ID A";581582;"Thu 2018-03-01 09:50:00 CET";46;46
1519894321;"ID A";581628;"Thu 2018-03-01 09:52:01 CET";168;168
1519894441;"ID A";581796;"Thu 2018-03-01 09:54:01 CET";181;181
1519894560;"ID A";581977;"Thu 2018-03-01 09:56:00 CET";172;172
1519894680;"ID A";582149;"Thu 2018-03-01 09:58:00 CET";108;108
1519894800;"ID A";582257;"Thu 2018-03-01 10:00:00 CET";37;37
1519894897;"ID A";582294;"Thu 2018-03-01 10:01:37 CET";9;9
1519894920;"ID A";582303;"Thu 2018-03-01 10:02:00 CET";45;45
1519895040;"ID A";582348;"Thu 2018-03-01 10:04:00 CET";45;45
1519895160;"ID A";582393;"Thu 2018-03-01 10:06:00 CET";92;92
1519895281;"ID A";582485;"Thu 2018-03-01 10:08:01 CET";190;190
1519895401;"ID A";582675;"Thu 2018-03-01 10:10:01 CET";172;172
1519895520;"ID A";582847;"Thu 2018-03-01 10:12:00 CET";77;77
1519895640;"ID A";582924;"Thu 2018-03-01 10:14:00 CET";77;77
1519895761;"ID A";583001;"Thu 2018-03-01 10:16:01 CET";77;77
1519895881;"ID A";583078;"Thu 2018-03-01 10:18:01 CET";44;44
1519896001;"ID A";583122;"Thu 2018-03-01 10:20:01 CET";46;46
1519896120;"ID A";583168;"Thu 2018-03-01 10:22:00 CET";141;141
1519896241;"ID A";583309;"Thu 2018-03-01 10:24:01 CET";46;46
1519896360;"ID A";583355;"Thu 2018-03-01 10:26:00 CET";46;46
1519896481;"ID A";583401;"Thu 2018-03-01 10:28:01 CET";78;78
1519896601;"ID A";583479;"Thu 2018-03-01 10:30:01 CET";179;179
1519896720;"ID A";583658;"Thu 2018-03-01 10:32:00 CET";200;200
1519896840;"ID A";583858;"Thu 2018-03-01 10:34:00 CET";164;164
1519896960;"ID A";584022;"Thu 2018-03-01 10:36:00 CET";117;117
1519897080;"ID A";584139;"Thu 2018-03-01 10:38:00 CET";46;46
1519897201;"ID A";584185;"Thu 2018-03-01 10:40:01 CET";61;61
1519897365;"ID A";584246;"Thu 2018-03-01 10:42:45 CET";29;29
1519897441;"ID A";584275;"Thu 2018-03-01 10:44:01 CET";45;45
1519897560;"ID A";584320;"Thu 2018-03-01 10:46:00 CET";44;44
1519897680;"ID A";584364;"Thu 2018-03-01 10:48:00 CET";45;45
1519897800;"ID A";584409;"Thu 2018-03-01 10:50:00 CET";45;45
1519897921;"ID A";584454;"Thu 2018-03-01 10:52:01 CET";45;45
1519898041;"ID A";584499;"Thu 2018-03-01 10:54:01 CET";45;45
1519898161;"ID A";584544;"Thu 2018-03-01 10:56:01 CET";45;45
1519898281;"ID A";584589;"Thu 2018-03-01 10:58:01 CET";45;45
1519898401;"ID A";584634;"Thu 2018-03-01 11:00:01 CET";46;46
1519898520;"ID A";584680;"Thu 2018-03-01 11:02:00 CET";45;45
1519898640;"ID A";584725;"Thu 2018-03-01 11:04:00 CET";144;144
1519898760;"ID A";584869;"Thu 2018-03-01 11:06:00 CET";181;181
1519898880;"ID A";585050;"Thu 2018-03-01 11:08:00 CET";77;77
1519899001;"ID A";585127;"Thu 2018-03-01 11:10:01 CET";157;157
1519899120;"ID A";585284;"Thu 2018-03-01 11:12:00 CET";158;158
1519899240;"ID A";585442;"Thu 2018-03-01 11:14:00 CET";77;77
1519899360;"ID A";585519;"Thu 2018-03-01 11:16:00 CET";45;45
1519899480;"ID A";585564;"Thu 2018-03-01 11:18:00 CET";45;45
1519899600;"ID A";585609;"Thu 2018-03-01 11:20:00 CET";130;130
1519899712;"ID A";585739;"Thu 2018-03-01 11:21:52 CET";11;11
1519899720;"ID A";585750;"Thu 2018-03-01 11:22:00 CET";173;173
1519899840;"ID A";585923;"Thu 2018-03-01 11:24:00 CET";172;172
1519899960;"ID A";586095;"Thu 2018-03-01 11:26:00 CET";141;141
1519900080;"ID A";586236;"Thu 2018-03-01 11:28:00 CET";45;45
1519900200;"ID A";586281;"Thu 2018-03-01 11:30:00 CET";46;46
1519900320;"ID A";586327;"Thu 2018-03-01 11:32:00 CET";172;172
1519900440;"ID A";586499;"Thu 2018-03-01 11:34:00 CET";205;205
1519900560;"ID A";586704;"Thu 2018-03-01 11:36:00 CET";140;140
1519900680;"ID A";586844;"Thu 2018-03-01 11:38:00 CET";108;108
1519900800;"ID A";586952;"Thu 2018-03-01 11:40:00 CET";45;45
1519900921;"ID A";586997;"Thu 2018-03-01 11:42:01 CET";45;45
1519901041;"ID A";587042;"Thu 2018-03-01 11:44:01 CET";45;45
1519901161;"ID A";587087;"Thu 2018-03-01 11:46:01 CET";46;46
1519901281;"ID A";587133;"Thu 2018-03-01 11:48:01 CET";208;208
1519901401;"ID A";587341;"Thu 2018-03-01 11:50:01 CET";206;206
1519901520;"ID A";587547;"Thu 2018-03-01 11:52:00 CET";170;170
1519901640;"ID A";587717;"Thu 2018-03-01 11:54:00 CET";46;46
1519901760;"ID A";587763;"Thu 2018-03-01 11:56:00 CET";46;46
1519901880;"ID A";587809;"Thu 2018-03-01 11:58:00 CET";78;78
1519902000;"ID A";587887;"Thu 2018-03-01 12:00:00 CET";51;51
1519902133;"ID A";587938;"Thu 2018-03-01 12:02:13 CET";41;41
1519902241;"ID A";587979;"Thu 2018-03-01 12:04:01 CET";46;46
1519902361;"ID A";588025;"Thu 2018-03-01 12:06:01 CET";45;45
1519902481;"ID A";588070;"Thu 2018-03-01 12:08:01 CET";46;46
1519902601;"ID A";588116;"Thu 2018-03-01 12:10:01 CET";46;46
1519902721;"ID A";588162;"Thu 2018-03-01 12:12:01 CET";46;46
1519902841;"ID A";588208;"Thu 2018-03-01 12:14:01 CET";177;177
1519902960;"ID A";588385;"Thu 2018-03-01 12:16:00 CET";209;209
1519903080;"ID A";588594;"Thu 2018-03-01 12:18:00 CET";138;138
1519903200;"ID A";588732;"Thu 2018-03-01 12:20:00 CET";78;78
1519903321;"ID A";588810;"Thu 2018-03-01 12:22:01 CET";45;45
1519903441;"ID A";588855;"Thu 2018-03-01 12:24:01 CET";46;46
1519903561;"ID A";588901;"Thu 2018-03-01 12:26:01 CET";46;46
1519903681;"ID A";588947;"Thu 2018-03-01 12:28:01 CET";46;46
1519903801;"ID A";588993;"Thu 2018-03-01 12:30:01 CET";109;109
1519903920;"ID A";589102;"Thu 2018-03-01 12:32:00 CET";243;243
1519904040;"ID A";589345;"Thu 2018-03-01 12:34:00 CET";270;270
1519904160;"ID A";589615;"Thu 2018-03-01 12:36:00 CET";111;111
1519904280;"ID A";589726;"Thu 2018-03-01 12:38:00 CET";81;81
1519904400;"ID A";589807;"Thu 2018-03-01 12:40:00 CET";274;274
1519904546;"ID A";590081;"Thu 2018-03-01 12:42:26 CET";191;191
1519904641;"ID A";590272;"Thu 2018-03-01 12:44:01 CET";173;173
1519904761;"ID A";590445;"Thu 2018-03-01 12:46:01 CET";45;45
1519904881;"ID A";590490;"Thu 2018-03-01 12:48:01 CET";140;140
1519905001;"ID A";590630;"Thu 2018-03-01 12:50:01 CET";138;138
1519905121;"ID A";590768;"Thu 2018-03-01 12:52:01 CET";46;46
1519905241;"ID A";590814;"Thu 2018-03-01 12:54:01 CET";45;45
1519905360;"ID A";590859;"Thu 2018-03-01 12:56:00 CET";45;45
1519905480;"ID A";590904;"Thu 2018-03-01 12:58:00 CET";46;46
1519905600;"ID A";590950;"Thu 2018-03-01 13:00:00 CET";45;45
1519905720;"ID A";590995;"Thu 2018-03-01 13:02:00 CET";45;45
1519905840;"ID A";591040;"Thu 2018-03-01 13:04:00 CET";46;46
1519905960;"ID A";591086;"Thu 2018-03-01 13:06:00 CET";45;45
1519906080;"ID A";591131;"Thu 2018-03-01 13:08:00 CET";45;45
1519906200;"ID A";591176;"Thu 2018-03-01 13:10:00 CET";45;45
1519906321;"ID A";591221;"Thu 2018-03-01 13:12:01 CET";45;45
1519906441;"ID A";591266;"Thu 2018-03-01 13:14:01 CET";45;45
1519906561;"ID A";591311;"Thu 2018-03-01 13:16:01 CET";46;46
1519906681;"ID A";591357;"Thu 2018-03-01 13:18:01 CET";44;44
1519906801;"ID A";591401;"Thu 2018-03-01 13:20:01 CET";58;58
1519906956;"ID A";591459;"Thu 2018-03-01 13:22:36 CET";32;32
1519907040;"ID A";591491;"Thu 2018-03-01 13:24:00 CET";45;45
1519907160;"ID A";591536;"Thu 2018-03-01 13:26:00 CET";45;45
1519907280;"ID A";591581;"Thu 2018-03-01 13:28:00 CET";45;45
1519907400;"ID A";591626;"Thu 2018-03-01 13:30:00 CET";45;45
1519907520;"ID A";591671;"Thu 2018-03-01 13:32:00 CET";45;45
1519907640;"ID A";591716;"Thu 2018-03-01 13:34:00 CET";45;45
1519907760;"ID A";591761;"Thu 2018-03-01 13:36:00 CET";46;46
1519907880;"ID A";591807;"Thu 2018-03-01 13:38:00 CET";45;45
1519908000;"ID A";591852;"Thu 2018-03-01 13:40:00 CET";46;46
1519908121;"ID A";591898;"Thu 2018-03-01 13:42:01 CET";45;45
1519908241;"ID A";591943;"Thu 2018-03-01 13:44:01 CET";46;46
1519908361;"ID A";591989;"Thu 2018-03-01 13:46:01 CET";46;46
1519908480;"ID A";592035;"Thu 2018-03-01 13:48:00 CET";45;45
1519908600;"ID A";592080;"Thu 2018-03-01 13:50:00 CET";46;46
1519908721;"ID A";592126;"Thu 2018-03-01 13:52:01 CET";46;46
1519908841;"ID A";592172;"Thu 2018-03-01 13:54:01 CET";47;47
1519908961;"ID A";592219;"Thu 2018-03-01 13:56:01 CET";46;46
1519909081;"ID A";592265;"Thu 2018-03-01 13:58:01 CET";46;46
1519909200;"ID A";592311;"Thu 2018-03-01 14:00:00 CET";43;43
1519909309;"ID A";592354;"Thu 2018-03-01 14:01:49 CET";4;4
1519909321;"ID A";592358;"Thu 2018-03-01 14:02:01 CET";47;47
1519909441;"ID A";592405;"Thu 2018-03-01 14:04:01 CET";45;45
1519909561;"ID A";592450;"Thu 2018-03-01 14:06:01 CET";47;47
1519909680;"ID A";592497;"Thu 2018-03-01 14:08:00 CET";47;47
1519909800;"ID A";592544;"Thu 2018-03-01 14:10:00 CET";47;47
1519909921;"ID A";592591;"Thu 2018-03-01 14:12:01 CET";47;47
1519910041;"ID A";592638;"Thu 2018-03-01 14:14:01 CET";46;46
1519910160;"ID A";592684;"Thu 2018-03-01 14:16:00 CET";47;47
1519910280;"ID A";592731;"Thu 2018-03-01 14:18:00 CET";46;46
1519910400;"ID A";592777;"Thu 2018-03-01 14:20:00 CET";48;48
1519910521;"ID A";592825;"Thu 2018-03-01 14:22:01 CET";47;47
1519910640;"ID A";592872;"Thu 2018-03-01 14:24:00 CET";47;47
1519910760;"ID A";592919;"Thu 2018-03-01 14:26:00 CET";47;47
1519910880;"ID A";592966;"Thu 2018-03-01 14:28:00 CET";47;47
1519911000;"ID A";593013;"Thu 2018-03-01 14:30:00 CET";45;45
1519911120;"ID A";593058;"Thu 2018-03-01 14:32:00 CET";47;47
1519911240;"ID A";593105;"Thu 2018-03-01 14:34:00 CET";47;47
1519911360;"ID A";593152;"Thu 2018-03-01 14:36:00 CET";47;47
1519911480;"ID A";593199;"Thu 2018-03-01 14:38:00 CET";46;46
1519911600;"ID A";593245;"Thu 2018-03-01 14:40:00 CET";47;47
1519911716;"ID A";593292;"Thu 2018-03-01 14:41:56 CET";1
1519911721;"ID A";593293;"Thu 2018-03-01 14:42:01 CET";52;52
1519911841;"ID A";593345;"Thu 2018-03-01 14:44:01 CET";62;62
1519911961;"ID A";593407;"Thu 2018-03-01 14:46:01 CET";56;56
1519912081;"ID A";593463;"Thu 2018-03-01 14:48:01 CET";58;58
1519912200;"ID A";593521;"Thu 2018-03-01 14:50:00 CET";46;46
1519912321;"ID A";593567;"Thu 2018-03-01 14:52:01 CET";45;45
1519912441;"ID A";593612;"Thu 2018-03-01 14:54:01 CET";62;62
1519912560;"ID A";593674;"Thu 2018-03-01 14:56:00 CET";62;62
1519912680;"ID A";593736;"Thu 2018-03-01 14:58:00 CET";57;57
1519912800;"ID A";593793;"Thu 2018-03-01 15:00:00 CET";59;59
1519912920;"ID A";593852;"Thu 2018-03-01 15:02:00 CET";50;50
1519913040;"ID A";593902;"Thu 2018-03-01 15:04:00 CET";46;46
1519913160;"ID A";593948;"Thu 2018-03-01 15:06:00 CET";45;45
1519913280;"ID A";593993;"Thu 2018-03-01 15:08:00 CET";45;45
1519913401;"ID A";594038;"Thu 2018-03-01 15:10:01 CET";46;46
1519913520;"ID A";594084;"Thu 2018-03-01 15:12:00 CET";46;46
1519913640;"ID A";594130;"Thu 2018-03-01 15:14:00 CET";45;45
1519913761;"ID A";594175;"Thu 2018-03-01 15:16:01 CET";46;46
1519913881;"ID A";594221;"Thu 2018-03-01 15:18:01 CET";47;47
1519914001;"ID A";594268;"Thu 2018-03-01 15:20:01 CET";59;59
1519914154;"ID A";594327;"Thu 2018-03-01 15:22:34 CET";33;33
1519914240;"ID A";594360;"Thu 2018-03-01 15:24:00 CET";46;46
1519914360;"ID A";594406;"Thu 2018-03-01 15:26:00 CET";46;46
1519914480;"ID A";594452;"Thu 2018-03-01 15:28:00 CET";45;45
1519914600;"ID A";594497;"Thu 2018-03-01 15:30:00 CET";46;46
1519914720;"ID A";594543;"Thu 2018-03-01 15:32:00 CET";46;46
1519914840;"ID A";594589;"Thu 2018-03-01 15:34:00 CET";46;46
1519914960;"ID A";594635;"Thu 2018-03-01 15:36:00 CET";45;45
1519915081;"ID A";594680;"Thu 2018-03-01 15:38:01 CET";46;46
1519915201;"ID A";594726;"Thu 2018-03-01 15:40:01 CET";46;46
1519915321;"ID A";594772;"Thu 2018-03-01 15:42:01 CET";45;45
1519915441;"ID A";594817;"Thu 2018-03-01 15:44:01 CET";46;46
1519915561;"ID A";594863;"Thu 2018-03-01 15:46:01 CET";45;45
1519915680;"ID A";594908;"Thu 2018-03-01 15:48:00 CET";46;46
1519915800;"ID A";594954;"Thu 2018-03-01 15:50:00 CET";45;45
1519915921;"ID A";594999;"Thu 2018-03-01 15:52:01 CET";46;46
1519916040;"ID A";595045;"Thu 2018-03-01 15:54:00 CET";45;45
1519916160;"ID A";595090;"Thu 2018-03-01 15:56:00 CET";46;46
1519916280;"ID A";595136;"Thu 2018-03-01 15:58:00 CET";45;45
1519916401;"ID A";595181;"Thu 2018-03-01 16:00:01 CET";46;46
1519916520;"ID A";595227;"Thu 2018-03-01 16:02:00 CET";1
1519916524;"ID A";595228;"Thu 2018-03-01 16:02:04 CET";44;44
1519916640;"ID A";595272;"Thu 2018-03-01 16:04:00 CET";46;46
1519916760;"ID A";595318;"Thu 2018-03-01 16:06:00 CET";45;45
1519916880;"ID A";595363;"Thu 2018-03-01 16:08:00 CET";46;46
1519917001;"ID A";595409;"Thu 2018-03-01 16:10:01 CET";45;45
1519917121;"ID A";595454;"Thu 2018-03-01 16:12:01 CET";46;46
1519917241;"ID A";595500;"Thu 2018-03-01 16:14:01 CET";46;46
1519917361;"ID A";595546;"Thu 2018-03-01 16:16:01 CET";45;45
1519917480;"ID A";595591;"Thu 2018-03-01 16:18:00 CET";46;46
1519917600;"ID A";595637;"Thu 2018-03-01 16:20:00 CET";46;46
1519917720;"ID A";595683;"Thu 2018-03-01 16:22:00 CET";46;46
1519917840;"ID A";595729;"Thu 2018-03-01 16:24:00 CET";46;46
1519917960;"ID A";595775;"Thu 2018-03-01 16:26:00 CET";46;46
1519918081;"ID A";595821;"Thu 2018-03-01 16:28:01 CET";45;45
1519918201;"ID A";595866;"Thu 2018-03-01 16:30:01 CET";46;46
1519918321;"ID A";595912;"Thu 2018-03-01 16:32:01 CET";46;46
1519918441;"ID A";595958;"Thu 2018-03-01 16:34:01 CET";45;45
1519918560;"ID A";596003;"Thu 2018-03-01 16:36:00 CET";46;46
1519918680;"ID A";596049;"Thu 2018-03-01 16:38:00 CET";46;46
1519918800;"ID A";596095;"Thu 2018-03-01 16:40:00 CET";49;49
1519918929;"ID A";596144;"Thu 2018-03-01 16:42:09 CET";42;42
1519919040;"ID A";596186;"Thu 2018-03-01 16:44:00 CET";46;46
1519919160;"ID A";596232;"Thu 2018-03-01 16:46:00 CET";46;46
1519919281;"ID A";596278;"Thu 2018-03-01 16:48:01 CET";46;46
1519919401;"ID A";596324;"Thu 2018-03-01 16:50:01 CET";46;46
1519919521;"ID A";596370;"Thu 2018-03-01 16:52:01 CET";45;45
1519919641;"ID A";596415;"Thu 2018-03-01 16:54:01 CET";46;46
1519919760;"ID A";596461;"Thu 2018-03-01 16:56:00 CET";46;46
1519919880;"ID A";596507;"Thu 2018-03-01 16:58:00 CET";46;46
1519920000;"ID A";596553;"Thu 2018-03-01 17:00:00 CET";45;45
1519920120;"ID A";596598;"Thu 2018-03-01 17:02:00 CET";45;45
1519920241;"ID A";596643;"Thu 2018-03-01 17:04:01 CET";44;44
1519920361;"ID A";596687;"Thu 2018-03-01 17:06:01 CET";45;45
1519920480;"ID A";596732;"Thu 2018-03-01 17:08:00 CET";44;44
1519920600;"ID A";596776;"Thu 2018-03-01 17:10:00 CET";45;45
1519920720;"ID A";596821;"Thu 2018-03-01 17:12:00 CET";45;45
1519920840;"ID A";596866;"Thu 2018-03-01 17:14:00 CET";46;46
1519920961;"ID A";596912;"Thu 2018-03-01 17:16:01 CET";46;46
1519921081;"ID A";596958;"Thu 2018-03-01 17:18:01 CET";45;45
1519921200;"ID A";597003;"Thu 2018-03-01 17:20:00 CET";43;43
1519921311;"ID A";597046;"Thu 2018-03-01 17:21:51 CET";3;3
1519921320;"ID A";597049;"Thu 2018-03-01 17:22:00 CET";45;45
1519921440;"ID A";597094;"Thu 2018-03-01 17:24:00 CET";46;46
1519921560;"ID A";597140;"Thu 2018-03-01 17:26:00 CET";45;45
1519921681;"ID A";597185;"Thu 2018-03-01 17:28:01 CET";45;45
1519921801;"ID A";597230;"Thu 2018-03-01 17:30:01 CET";46;46
1519921921;"ID A";597276;"Thu 2018-03-01 17:32:01 CET";45;45
1519922040;"ID A";597321;"Thu 2018-03-01 17:34:00 CET";45;45
1519922160;"ID A";597366;"Thu 2018-03-01 17:36:00 CET";45;45
1519922280;"ID A";597411;"Thu 2018-03-01 17:38:00 CET";45;45
1519922401;"ID A";597456;"Thu 2018-03-01 17:40:01 CET";45;45
1519922521;"ID A";597501;"Thu 2018-03-01 17:42:01 CET";45;45
1519922641;"ID A";597546;"Thu 2018-03-01 17:44:01 CET";46;46
1519922760;"ID A";597592;"Thu 2018-03-01 17:46:00 CET";46;46
1519922880;"ID A";597638;"Thu 2018-03-01 17:48:00 CET";46;46
1519923001;"ID A";597684;"Thu 2018-03-01 17:50:01 CET";47;47
1519923120;"ID A";597731;"Thu 2018-03-01 17:52:00 CET";59;59
1519923241;"ID A";597790;"Thu 2018-03-01 17:54:01 CET";60;60
1519923360;"ID A";597850;"Thu 2018-03-01 17:56:00 CET";62;62
1519923480;"ID A";597912;"Thu 2018-03-01 17:58:00 CET";62;62
1519923600;"ID A";597974;"Thu 2018-03-01 18:00:00 CET";57;57
1519923711;"ID A";598031;"Thu 2018-03-01 18:01:51 CET";4;4
1519923720;"ID A";598035;"Thu 2018-03-01 18:02:00 CET";62;62
1519923840;"ID A";598097;"Thu 2018-03-01 18:04:00 CET";62;62
1519923961;"ID A";598159;"Thu 2018-03-01 18:06:01 CET";62;62
1519924081;"ID A";598221;"Thu 2018-03-01 18:08:01 CET";62;62
1519924200;"ID A";598283;"Thu 2018-03-01 18:10:00 CET";61;61
1519924320;"ID A";598344;"Thu 2018-03-01 18:12:00 CET";59;59
1519924440;"ID A";598403;"Thu 2018-03-01 18:14:00 CET";59;59
1519924561;"ID A";598462;"Thu 2018-03-01 18:16:01 CET";56;56
1519924680;"ID A";598518;"Thu 2018-03-01 18:18:00 CET";57;57
1519924800;"ID A";598575;"Thu 2018-03-01 18:20:00 CET";56;56
1519924921;"ID A";598631;"Thu 2018-03-01 18:22:01 CET";57;57
1519925040;"ID A";598688;"Thu 2018-03-01 18:24:00 CET";55;55
1519925161;"ID A";598743;"Thu 2018-03-01 18:26:01 CET";57;57
1519925280;"ID A";598800;"Thu 2018-03-01 18:28:00 CET";57;57
1519925401;"ID A";598857;"Thu 2018-03-01 18:30:01 CET";57;57
1519925521;"ID A";598914;"Thu 2018-03-01 18:32:01 CET";56;56
1519925641;"ID A";598970;"Thu 2018-03-01 18:34:01 CET";58;58
1519925760;"ID A";599028;"Thu 2018-03-01 18:36:00 CET";56;56
1519925880;"ID A";599084;"Thu 2018-03-01 18:38:00 CET";58;58
1519926001;"ID A";599142;"Thu 2018-03-01 18:40:01 CET";56;56
1519926118;"ID A";599198;"Thu 2018-03-01 18:41:58 CET";1
1519926122;"ID A";599199;"Thu 2018-03-01 18:42:02 CET";56;56
1519926240;"ID A";599255;"Thu 2018-03-01 18:44:00 CET";57;57
1519926361;"ID A";599312;"Thu 2018-03-01 18:46:01 CET";57;57
1519926481;"ID A";599369;"Thu 2018-03-01 18:48:01 CET";56;56
1519926600;"ID A";599425;"Thu 2018-03-01 18:50:00 CET";57;57
1519926720;"ID A";599482;"Thu 2018-03-01 18:52:00 CET";58;58
1519926840;"ID A";599540;"Thu 2018-03-01 18:54:00 CET";58;58
1519926961;"ID A";599598;"Thu 2018-03-01 18:56:01 CET";56;56
1519927080;"ID A";599654;"Thu 2018-03-01 18:58:00 CET";57;57
1519927200;"ID A";599711;"Thu 2018-03-01 19:00:00 CET";56;56
1519927320;"ID A";599767;"Thu 2018-03-01 19:02:00 CET";58;58
1519927441;"ID A";599825;"Thu 2018-03-01 19:04:01 CET";57;57
1519927560;"ID A";599882;"Thu 2018-03-01 19:06:00 CET";58;58
1519927680;"ID A";599940;"Thu 2018-03-01 19:08:00 CET";56;56
1519927801;"ID A";599996;"Thu 2018-03-01 19:10:01 CET";58;58
1519927921;"ID A";600054;"Thu 2018-03-01 19:12:01 CET";55;55
1519928040;"ID A";600109;"Thu 2018-03-01 19:14:00 CET";58;58
1519928161;"ID A";600167;"Thu 2018-03-01 19:16:01 CET";58;58
1519928280;"ID A";600225;"Thu 2018-03-01 19:18:00 CET";57;57
1519928401;"ID A";600282;"Thu 2018-03-01 19:20:01 CET";74;74
1519928557;"ID A";600356;"Thu 2018-03-01 19:22:37 CET";41;41
1519928640;"ID A";600397;"Thu 2018-03-01 19:24:00 CET";57;57
1519928761;"ID A";600454;"Thu 2018-03-01 19:26:01 CET";58;58
1519928880;"ID A";600512;"Thu 2018-03-01 19:28:00 CET";56;56
1519929000;"ID A";600568;"Thu 2018-03-01 19:30:00 CET";58;58
1519929121;"ID A";600626;"Thu 2018-03-01 19:32:01 CET";58;58
1519929241;"ID A";600684;"Thu 2018-03-01 19:34:01 CET";58;58
1519929360;"ID A";600742;"Thu 2018-03-01 19:36:00 CET";57;57
1519929481;"ID A";600799;"Thu 2018-03-01 19:38:01 CET";57;57
1519929601;"ID A";600856;"Thu 2018-03-01 19:40:01 CET";59;59
1519929720;"ID A";600915;"Thu 2018-03-01 19:42:00 CET";58;58
1519929840;"ID A";600973;"Thu 2018-03-01 19:44:00 CET";58;58
1519929961;"ID A";601031;"Thu 2018-03-01 19:46:01 CET";58;58
1519930080;"ID A";601089;"Thu 2018-03-01 19:48:00 CET";57;57
1519930200;"ID A";601146;"Thu 2018-03-01 19:50:00 CET";58;58
1519930320;"ID A";601204;"Thu 2018-03-01 19:52:00 CET";58;58
1519930441;"ID A";601262;"Thu 2018-03-01 19:54:01 CET";56;56
1519930560;"ID A";601318;"Thu 2018-03-01 19:56:00 CET";56;56
1519930680;"ID A";601374;"Thu 2018-03-01 19:58:00 CET";56;56
1519930801;"ID A";601430;"Thu 2018-03-01 20:00:01 CET";51;51
1519930903;"ID A";601481;"Thu 2018-03-01 20:01:43 CET";7;7
1519930920;"ID A";601488;"Thu 2018-03-01 20:02:00 CET";59;59
1519931041;"ID A";601547;"Thu 2018-03-01 20:04:01 CET";57;57
1519931161;"ID A";601604;"Thu 2018-03-01 20:06:01 CET";57;57
1519931280;"ID A";601661;"Thu 2018-03-01 20:08:00 CET";59;59
1519931401;"ID A";601720;"Thu 2018-03-01 20:10:01 CET";56;56
1519931521;"ID A";601776;"Thu 2018-03-01 20:12:01 CET";56;56
1519931640;"ID A";601832;"Thu 2018-03-01 20:14:00 CET";59;59
1519931761;"ID A";601891;"Thu 2018-03-01 20:16:01 CET";167;167
1519931880;"ID A";602058;"Thu 2018-03-01 20:18:00 CET";180;180
1519932000;"ID A";602238;"Thu 2018-03-01 20:20:00 CET";86;86
1519932121;"ID A";602324;"Thu 2018-03-01 20:22:01 CET";247;247
1519932240;"ID A";602571;"Thu 2018-03-01 20:24:00 CET";119;119
1519932360;"ID A";602690;"Thu 2018-03-01 20:26:00 CET";238;238
1519932481;"ID A";602928;"Thu 2018-03-01 20:28:01 CET";47;47
1519932600;"ID A";602975;"Thu 2018-03-01 20:30:00 CET";50;50
1519932720;"ID A";603025;"Thu 2018-03-01 20:32:00 CET";50;50
1519932841;"ID A";603075;"Thu 2018-03-01 20:34:01 CET";54;54
1519932960;"ID A";603129;"Thu 2018-03-01 20:36:00 CET";162;162
1519933081;"ID A";603291;"Thu 2018-03-01 20:38:01 CET";165;165
1519933203;"ID A";603456;"Thu 2018-03-01 20:40:03 CET";142;142
1519933356;"ID A";603598;"Thu 2018-03-01 20:42:36 CET";133;133
1519933441;"ID A";603731;"Thu 2018-03-01 20:44:01 CET";89;89
1519933560;"ID A";603820;"Thu 2018-03-01 20:46:00 CET";50;50
1519933680;"ID A";603870;"Thu 2018-03-01 20:48:00 CET";50;50
1519933801;"ID A";603920;"Thu 2018-03-01 20:50:01 CET";53;53
1519933921;"ID A";603973;"Thu 2018-03-01 20:52:01 CET";54;54
1519934040;"ID A";604027;"Thu 2018-03-01 20:54:00 CET";55;55
1519934161;"ID A";604082;"Thu 2018-03-01 20:56:01 CET";55;55
1519934280;"ID A";604137;"Thu 2018-03-01 20:58:00 CET";57;57
1519934400;"ID A";604194;"Thu 2018-03-01 21:00:00 CET";55;55
1519934521;"ID A";604249;"Thu 2018-03-01 21:02:01 CET";57;57
1519934640;"ID A";604306;"Thu 2018-03-01 21:04:00 CET";57;57
1519934760;"ID A";604363;"Thu 2018-03-01 21:06:00 CET";57;57
1519934881;"ID A";604420;"Thu 2018-03-01 21:08:01 CET";56;56
1519935000;"ID A";604476;"Thu 2018-03-01 21:10:00 CET";59;59
1519935120;"ID A";604535;"Thu 2018-03-01 21:12:00 CET";57;57
1519935241;"ID A";604592;"Thu 2018-03-01 21:14:01 CET";57;57
1519935360;"ID A";604649;"Thu 2018-03-01 21:16:00 CET";139;139
1519935481;"ID A";604788;"Thu 2018-03-01 21:18:01 CET";86;86
1519935600;"ID A";604874;"Thu 2018-03-01 21:20:00 CET";181;181
1519935750;"ID A";605055;"Thu 2018-03-01 21:22:30 CET";41;41
1519935841;"ID A";605096;"Thu 2018-03-01 21:24:01 CET";182;182
1519935960;"ID A";605278;"Thu 2018-03-01 21:26:00 CET";146;146
1519936081;"ID A";605424;"Thu 2018-03-01 21:28:01 CET";52;52
1519936200;"ID A";605476;"Thu 2018-03-01 21:30:00 CET";190;190
1519936320;"ID A";605666;"Thu 2018-03-01 21:32:00 CET";227;227
1519936441;"ID A";605893;"Thu 2018-03-01 21:34:01 CET";174;174
1519936560;"ID A";606067;"Thu 2018-03-01 21:36:00 CET";48;48
1519936681;"ID A";606115;"Thu 2018-03-01 21:38:01 CET";51;51
1519936800;"ID A";606166;"Thu 2018-03-01 21:40:00 CET";111;111
1519936920;"ID A";606277;"Thu 2018-03-01 21:42:00 CET";184;184
1519937041;"ID A";606461;"Thu 2018-03-01 21:44:01 CET";183;183
1519937160;"ID A";606644;"Thu 2018-03-01 21:46:00 CET";166;166
1519937280;"ID A";606810;"Thu 2018-03-01 21:48:00 CET";120;120
1519937400;"ID A";606930;"Thu 2018-03-01 21:50:00 CET";45;45
1519937520;"ID A";606975;"Thu 2018-03-01 21:52:00 CET";46;46
1519937641;"ID A";607021;"Thu 2018-03-01 21:54:01 CET";49;49
1519937760;"ID A";607070;"Thu 2018-03-01 21:56:00 CET";77;77
1519937880;"ID A";607147;"Thu 2018-03-01 21:58:00 CET";195;195
1519938003;"ID A";607342;"Thu 2018-03-01 22:00:03 CET";161;161
1519938112;"ID A";607503;"Thu 2018-03-01 22:01:52 CET";19;19
1519938120;"ID A";607522;"Thu 2018-03-01 22:02:00 CET";175;175
1519938241;"ID A";607697;"Thu 2018-03-01 22:04:01 CET";118;118
1519938360;"ID A";607815;"Thu 2018-03-01 22:06:00 CET";45;45
1519938481;"ID A";607860;"Thu 2018-03-01 22:08:01 CET";46;46
1519938600;"ID A";607906;"Thu 2018-03-01 22:10:00 CET";23;23
1519938720;"ID A";607929;"Thu 2018-03-01 22:12:00 CET";0
1519938841;"ID A";607929;"Thu 2018-03-01 22:14:01 CET";0
1519938960;"ID A";607929;"Thu 2018-03-01 22:16:00 CET";0
1519939081;"ID A";607929;"Thu 2018-03-01 22:18:01 CET";0
1519939200;"ID A";607929;"Thu 2018-03-01 22:20:00 CET";0
1519939320;"ID A";607929;"Thu 2018-03-01 22:22:00 CET";0
1519939441;"ID A";607929;"Thu 2018-03-01 22:24:01 CET";0
1519939560;"ID A";607929;"Thu 2018-03-01 22:26:00 CET";0
1519939681;"ID A";607929;"Thu 2018-03-01 22:28:01 CET";1
1519939800;"ID A";607930;"Thu 2018-03-01 22:30:00 CET";0
1519939921;"ID A";607930;"Thu 2018-03-01 22:32:01 CET";0
1519940040;"ID A";607930;"Thu 2018-03-01 22:34:00 CET";0
1519940161;"ID A";607930;"Thu 2018-03-01 22:36:01 CET";0
1519940280;"ID A";607930;"Thu 2018-03-01 22:38:00 CET";0
1519940401;"ID A";607930;"Thu 2018-03-01 22:40:01 CET";0
1519940560;"ID A";607930;"Thu 2018-03-01 22:42:40 CET";0
1519940641;"ID A";607930;"Thu 2018-03-01 22:44:01 CET";0
1519940760;"ID A";607930;"Thu 2018-03-01 22:46:00 CET";0
1519940881;"ID A";607930;"Thu 2018-03-01 22:48:01 CET";1
1519941000;"ID A";607931;"Thu 2018-03-01 22:50:00 CET";0
1519941121;"ID A";607931;"Thu 2018-03-01 22:52:01 CET";0
1519941240;"ID A";607931;"Thu 2018-03-01 22:54:00 CET";0
1519941361;"ID A";607931;"Thu 2018-03-01 22:56:01 CET";0
1519941480;"ID A";607931;"Thu 2018-03-01 22:58:00 CET";0
1519941600;"ID A";607931;"Thu 2018-03-01 23:00:00 CET";0
1519941721;"ID A";607931;"Thu 2018-03-01 23:02:01 CET";0
1519941840;"ID A";607931;"Thu 2018-03-01 23:04:00 CET";0
1519941961;"ID A";607931;"Thu 2018-03-01 23:06:01 CET";0
1519942080;"ID A";607931;"Thu 2018-03-01 23:08:00 CET";1
1519942200;"ID A";607932;"Thu 2018-03-01 23:10:00 CET";0
1519942320;"ID A";607932;"Thu 2018-03-01 23:12:00 CET";0
1519942441;"ID A";607932;"Thu 2018-03-01 23:14:01 CET";0
1519942560;"ID A";607932;"Thu 2018-03-01 23:16:00 CET";0
1519942681;"ID A";607932;"Thu 2018-03-01 23:18:01 CET";0
1519942800;"ID A";607932;"Thu 2018-03-01 23:20:00 CET";0
1519942941;"ID A";607932;"Thu 2018-03-01 23:22:21 CET";0
1519943040;"ID A";607932;"Thu 2018-03-01 23:24:00 CET";0
1519943161;"ID A";607932;"Thu 2018-03-01 23:26:01 CET";0
1519943280;"ID A";607932;"Thu 2018-03-01 23:28:00 CET";1
1519943401;"ID A";607933;"Thu 2018-03-01 23:30:01 CET";0
1519943520;"ID A";607933;"Thu 2018-03-01 23:32:00 CET";0
1519943641;"ID A";607933;"Thu 2018-03-01 23:34:01 CET";0
1519943760;"ID A";607933;"Thu 2018-03-01 23:36:00 CET";0
1519943881;"ID A";607933;"Thu 2018-03-01 23:38:01 CET";0
1519944000;"ID A";607933;"Thu 2018-03-01 23:40:00 CET";0
1519944121;"ID A";607933;"Thu 2018-03-01 23:42:01 CET";0
1519944240;"ID A";607933;"Thu 2018-03-01 23:44:00 CET";0
1519944361;"ID A";607933;"Thu 2018-03-01 23:46:01 CET";1
1519944480;"ID A";607934;"Thu 2018-03-01 23:48:00 CET";0
1519944600;"ID A";607934;"Thu 2018-03-01 23:50:00 CET";0
1519944720;"ID A";607934;"Thu 2018-03-01 23:52:00 CET";0
1519944841;"ID A";607934;"Thu 2018-03-01 23:54:01 CET";0
1519944960;"ID A";607934;"Thu 2018-03-01 23:56:00 CET";0
1519945081;"ID A";607934;"Thu 2018-03-01 23:58:01 CET";0
1519945201;"ID A";607934;"Fri 2018-03-02 00:00:01 CET";0
1519945302;"ID A";607934;"Fri 2018-03-02 00:01:42 CET";0
1519945321;"ID A";607934;"Fri 2018-03-02 00:02:01 CET";0
1519945440;"ID A";607934;"Fri 2018-03-02 00:04:00 CET";0
1519945560;"ID A";607934;"Fri 2018-03-02 00:06:00 CET";1
1519945681;"ID A";607935;"Fri 2018-03-02 00:08:01 CET";0
1519945800;"ID A";607935;"Fri 2018-03-02 00:10:00 CET";0
1519945921;"ID A";607935;"Fri 2018-03-02 00:12:01 CET";0
1519946040;"ID A";607935;"Fri 2018-03-02 00:14:00 CET";0
1519946161;"ID A";607935;"Fri 2018-03-02 00:16:01 CET";0
1519946280;"ID A";607935;"Fri 2018-03-02 00:18:00 CET";0
1519946401;"ID A";607935;"Fri 2018-03-02 00:20:01 CET";0
1519946520;"ID A";607935;"Fri 2018-03-02 00:22:00 CET";0
1519946641;"ID A";607935;"Fri 2018-03-02 00:24:01 CET";1
1519946760;"ID A";607936;"Fri 2018-03-02 00:26:00 CET";0
1519946881;"ID A";607936;"Fri 2018-03-02 00:28:01 CET";0
1519947000;"ID A";607936;"Fri 2018-03-02 00:30:00 CET";0
1519947121;"ID A";607936;"Fri 2018-03-02 00:32:01 CET";0
1519947240;"ID A";607936;"Fri 2018-03-02 00:34:00 CET";0
1519947360;"ID A";607936;"Fri 2018-03-02 00:36:00 CET";0
1519947481;"ID A";607936;"Fri 2018-03-02 00:38:01 CET";0
1519947600;"ID A";607936;"Fri 2018-03-02 00:40:00 CET";0
1519947704;"ID A";607936;"Fri 2018-03-02 00:41:44 CET";0
1519947721;"ID A";607936;"Fri 2018-03-02 00:42:01 CET";1
1519947840;"ID A";607937;"Fri 2018-03-02 00:44:00 CET";0
1519947960;"ID A";607937;"Fri 2018-03-02 00:46:00 CET";0
1519948081;"ID A";607937;"Fri 2018-03-02 00:48:01 CET";0
1519948200;"ID A";607937;"Fri 2018-03-02 00:50:00 CET";0
1519948321;"ID A";607937;"Fri 2018-03-02 00:52:01 CET";0
1519948440;"ID A";607937;"Fri 2018-03-02 00:54:00 CET";0
1519948561;"ID A";607937;"Fri 2018-03-02 00:56:01 CET";0
1519948680;"ID A";607937;"Fri 2018-03-02 00:58:00 CET";0
====ID:<"ID B">===
1519862403;;;;;;;"ID B";1107637;"Thu 2018-03-01 01:00:03 CET";0
1519862522;;;;;;;"ID B";1107637;"Thu 2018-03-01 01:02:02 CET";0
1519862642;;;;;;;"ID B";1107637;"Thu 2018-03-01 01:04:02 CET";0
1519862762;;;;;;;"ID B";1107637;"Thu 2018-03-01 01:06:02 CET";0
1519862882;;;;;;;"ID B";1107637;"Thu 2018-03-01 01:08:02 CET";0
1519863002;;;;;;;"ID B";1107637;"Thu 2018-03-01 01:10:02 CET";0
1519863122;;;;;;;"ID B";1107637;"Thu 2018-03-01 01:12:02 CET";0
1519863242;;;;;;;"ID B";1107637;"Thu 2018-03-01 01:14:02 CET";0
1519863362;;;;;;;"ID B";1107637;"Thu 2018-03-01 01:16:02 CET";0
1519863482;;;;;;;"ID B";1107637;"Thu 2018-03-01 01:18:02 CET";0
1519863602;;;;;;;"ID B";1107637;"Thu 2018-03-01 01:20:02 CET";0
1519863715;;;;;;;"ID B";1107637;"Thu 2018-03-01 01:21:55 CET";0
1519863722;;;;;;;"ID B";1107637;"Thu 2018-03-01 01:22:02 CET";0
1519863842;;;;;;;"ID B";1107637;"Thu 2018-03-01 01:24:02 CET";0
1519863962;;;;;;;"ID B";1107637;"Thu 2018-03-01 01:26:02 CET";0
1519864082;;;;;;;"ID B";1107637;"Thu 2018-03-01 01:28:02 CET";0
1519864202;;;;;;;"ID B";1107637;"Thu 2018-03-01 01:30:02 CET";0
1519864322;;;;;;;"ID B";1107637;"Thu 2018-03-01 01:32:02 CET";0
1519864442;;;;;;;"ID B";1107637;"Thu 2018-03-01 01:34:02 CET";0
1519864562;;;;;;;"ID B";1107637;"Thu 2018-03-01 01:36:02 CET";1
1519864682;;;;;;;"ID B";1107638;"Thu 2018-03-01 01:38:02 CET";0
1519864802;;;;;;;"ID B";1107638;"Thu 2018-03-01 01:40:02 CET";0
1519864921;;;;;;;"ID B";1107638;"Thu 2018-03-01 01:42:01 CET";0
1519865042;;;;;;;"ID B";1107638;"Thu 2018-03-01 01:44:02 CET";0
1519865162;;;;;;;"ID B";1107638;"Thu 2018-03-01 01:46:02 CET";0
1519865282;;;;;;;"ID B";1107638;"Thu 2018-03-01 01:48:02 CET";0
1519865402;;;;;;;"ID B";1107638;"Thu 2018-03-01 01:50:02 CET";0
1519865522;;;;;;;"ID B";1107638;"Thu 2018-03-01 01:52:02 CET";0
1519865642;;;;;;;"ID B";1107638;"Thu 2018-03-01 01:54:02 CET";0
1519865762;;;;;;;"ID B";1107638;"Thu 2018-03-01 01:56:02 CET";0
1519865881;;;;;;;"ID B";1107638;"Thu 2018-03-01 01:58:01 CET";0
1519866002;;;;;;;"ID B";1107638;"Thu 2018-03-01 02:00:02 CET";0
1519866144;;;;;;;"ID B";1107638;"Thu 2018-03-01 02:02:24 CET";0
1519866242;;;;;;;"ID B";1107638;"Thu 2018-03-01 02:04:02 CET";0
1519866362;;;;;;;"ID B";1107638;"Thu 2018-03-01 02:06:02 CET";0
1519866482;;;;;;;"ID B";1107638;"Thu 2018-03-01 02:08:02 CET";0
1519866602;;;;;;;"ID B";1107638;"Thu 2018-03-01 02:10:02 CET";0
1519866722;;;;;;;"ID B";1107638;"Thu 2018-03-01 02:12:02 CET";1
1519866842;;;;;;;"ID B";1107639;"Thu 2018-03-01 02:14:02 CET";0
1519866962;;;;;;;"ID B";1107639;"Thu 2018-03-01 02:16:02 CET";0
1519867082;;;;;;;"ID B";1107639;"Thu 2018-03-01 02:18:02 CET";0
1519867202;;;;;;;"ID B";1107639;"Thu 2018-03-01 02:20:02 CET";0
1519867322;;;;;;;"ID B";1107639;"Thu 2018-03-01 02:22:02 CET";0
1519867442;;;;;;;"ID B";1107639;"Thu 2018-03-01 02:24:02 CET";0
1519867562;;;;;;;"ID B";1107639;"Thu 2018-03-01 02:26:02 CET";0
1519867682;;;;;;;"ID B";1107639;"Thu 2018-03-01 02:28:02 CET";0
1519867802;;;;;;;"ID B";1107639;"Thu 2018-03-01 02:30:02 CET";0
1519867921;;;;;;;"ID B";1107639;"Thu 2018-03-01 02:32:01 CET";0
1519868042;;;;;;;"ID B";1107639;"Thu 2018-03-01 02:34:02 CET";0
1519868161;;;;;;;"ID B";1107639;"Thu 2018-03-01 02:36:01 CET";0
1519868282;;;;;;;"ID B";1107639;"Thu 2018-03-01 02:38:02 CET";0
1519868402;;;;;;;"ID B";1107639;"Thu 2018-03-01 02:40:02 CET";0
1519868552;;;;;;;"ID B";1107639;"Thu 2018-03-01 02:42:32 CET";0
1519868642;;;;;;;"ID B";1107639;"Thu 2018-03-01 02:44:02 CET";0
1519868762;;;;;;;"ID B";1107639;"Thu 2018-03-01 02:46:02 CET";0
1519868881;;;;;;;"ID B";1107639;"Thu 2018-03-01 02:48:01 CET";1
1519869002;;;;;;;"ID B";1107640;"Thu 2018-03-01 02:50:02 CET";0
1519869122;;;;;;;"ID B";1107640;"Thu 2018-03-01 02:52:02 CET";0
1519869242;;;;;;;"ID B";1107640;"Thu 2018-03-01 02:54:02 CET";0
1519869362;;;;;;;"ID B";1107640;"Thu 2018-03-01 02:56:02 CET";0
1519869482;;;;;;;"ID B";1107640;"Thu 2018-03-01 02:58:02 CET";0
1519869602;;;;;;;"ID B";1107640;"Thu 2018-03-01 03:00:02 CET";0
1519869722;;;;;;;"ID B";1107640;"Thu 2018-03-01 03:02:02 CET";0
1519869842;;;;;;;"ID B";1107640;"Thu 2018-03-01 03:04:02 CET";0
1519869962;;;;;;;"ID B";1107640;"Thu 2018-03-01 03:06:02 CET";0
1519870082;;;;;;;"ID B";1107640;"Thu 2018-03-01 03:08:02 CET";0
1519870202;;;;;;;"ID B";1107640;"Thu 2018-03-01 03:10:02 CET";0
1519870322;;;;;;;"ID B";1107640;"Thu 2018-03-01 03:12:02 CET";0
1519870442;;;;;;;"ID B";1107640;"Thu 2018-03-01 03:14:02 CET";0
1519870562;;;;;;;"ID B";1107640;"Thu 2018-03-01 03:16:02 CET";0
1519870682;;;;;;;"ID B";1107640;"Thu 2018-03-01 03:18:02 CET";0
1519870802;;;;;;;"ID B";1107640;"Thu 2018-03-01 03:20:02 CET";0
1519870956;;;;;;;"ID B";1107640;"Thu 2018-03-01 03:22:36 CET";0
1519871042;;;;;;;"ID B";1107640;"Thu 2018-03-01 03:24:02 CET";0
1519871162;;;;;;;"ID B";1107640;"Thu 2018-03-01 03:26:02 CET";1
1519871282;;;;;;;"ID B";1107641;"Thu 2018-03-01 03:28:02 CET";0
1519871402;;;;;;;"ID B";1107641;"Thu 2018-03-01 03:30:02 CET";0
1519871522;;;;;;;"ID B";1107641;"Thu 2018-03-01 03:32:02 CET";0
1519871642;;;;;;;"ID B";1107641;"Thu 2018-03-01 03:34:02 CET";0
1519871762;;;;;;;"ID B";1107641;"Thu 2018-03-01 03:36:02 CET";0
1519871881;;;;;;;"ID B";1107641;"Thu 2018-03-01 03:38:01 CET";0
1519872002;;;;;;;"ID B";1107641;"Thu 2018-03-01 03:40:02 CET";0
1519872122;;;;;;;"ID B";1107641;"Thu 2018-03-01 03:42:02 CET";0
1519872242;;;;;;;"ID B";1107641;"Thu 2018-03-01 03:44:02 CET";0
1519872362;;;;;;;"ID B";1107641;"Thu 2018-03-01 03:46:02 CET";0
1519872482;;;;;;;"ID B";1107641;"Thu 2018-03-01 03:48:02 CET";0
1519872602;;;;;;;"ID B";1107641;"Thu 2018-03-01 03:50:02 CET";0
1519872722;;;;;;;"ID B";1107641;"Thu 2018-03-01 03:52:02 CET";0
1519872842;;;;;;;"ID B";1107641;"Thu 2018-03-01 03:54:02 CET";0
1519872961;;;;;;;"ID B";1107641;"Thu 2018-03-01 03:56:01 CET";0
1519873082;;;;;;;"ID B";1107641;"Thu 2018-03-01 03:58:02 CET";0
1519873202;;;;;;;"ID B";1107641;"Thu 2018-03-01 04:00:02 CET";0
1519873323;;;;;;;"ID B";1107641;"Thu 2018-03-01 04:02:03 CET";1
1519873441;;;;;;;"ID B";1107642;"Thu 2018-03-01 04:04:01 CET";0
1519873562;;;;;;;"ID B";1107642;"Thu 2018-03-01 04:06:02 CET";0
1519873682;;;;;;;"ID B";1107642;"Thu 2018-03-01 04:08:02 CET";0
1519873802;;;;;;;"ID B";1107642;"Thu 2018-03-01 04:10:02 CET";0
1519873922;;;;;;;"ID B";1107642;"Thu 2018-03-01 04:12:02 CET";0
1519874042;;;;;;;"ID B";1107642;"Thu 2018-03-01 04:14:02 CET";0
1519874162;;;;;;;"ID B";1107642;"Thu 2018-03-01 04:16:02 CET";0
1519874282;;;;;;;"ID B";1107642;"Thu 2018-03-01 04:18:02 CET";0
1519874402;;;;;;;"ID B";1107642;"Thu 2018-03-01 04:20:02 CET";0
1519874522;;;;;;;"ID B";1107642;"Thu 2018-03-01 04:22:02 CET";0
1519874642;;;;;;;"ID B";1107642;"Thu 2018-03-01 04:24:02 CET";0
1519874762;;;;;;;"ID B";1107642;"Thu 2018-03-01 04:26:02 CET";0
1519874882;;;;;;;"ID B";1107642;"Thu 2018-03-01 04:28:02 CET";0
1519875002;;;;;;;"ID B";1107642;"Thu 2018-03-01 04:30:02 CET";0
1519875122;;;;;;;"ID B";1107642;"Thu 2018-03-01 04:32:02 CET";0
1519875242;;;;;;;"ID B";1107642;"Thu 2018-03-01 04:34:02 CET";0
1519875362;;;;;;;"ID B";1107642;"Thu 2018-03-01 04:36:02 CET";0
1519875482;;;;;;;"ID B";1107642;"Thu 2018-03-01 04:38:02 CET";1
1519875602;;;;;;;"ID B";1107643;"Thu 2018-03-01 04:40:02 CET";0
1519875703;;;;;;;"ID B";1107643;"Thu 2018-03-01 04:41:43 CET";0
1519875722;;;;;;;"ID B";1107643;"Thu 2018-03-01 04:42:02 CET";0
1519875842;;;;;;;"ID B";1107643;"Thu 2018-03-01 04:44:02 CET";0
1519875962;;;;;;;"ID B";1107643;"Thu 2018-03-01 04:46:02 CET";0
1519876082;;;;;;;"ID B";1107643;"Thu 2018-03-01 04:48:02 CET";0
1519876202;;;;;;;"ID B";1107643;"Thu 2018-03-01 04:50:02 CET";0
1519876322;;;;;;;"ID B";1107643;"Thu 2018-03-01 04:52:02 CET";0
1519876442;;;;;;;"ID B";1107643;"Thu 2018-03-01 04:54:02 CET";0
1519876562;;;;;;;"ID B";1107643;"Thu 2018-03-01 04:56:02 CET";0
1519876682;;;;;;;"ID B";1107643;"Thu 2018-03-01 04:58:02 CET";0
1519876802;;;;;;;"ID B";1107643;"Thu 2018-03-01 05:00:02 CET";0
1519876922;;;;;;;"ID B";1107643;"Thu 2018-03-01 05:02:02 CET";0
1519877042;;;;;;;"ID B";1107643;"Thu 2018-03-01 05:04:02 CET";0
1519877162;;;;;;;"ID B";1107643;"Thu 2018-03-01 05:06:02 CET";0
1519877282;;;;;;;"ID B";1107643;"Thu 2018-03-01 05:08:02 CET";0
1519877402;;;;;;;"ID B";1107643;"Thu 2018-03-01 05:10:02 CET";0
1519877522;;;;;;;"ID B";1107643;"Thu 2018-03-01 05:12:02 CET";0
1519877642;;;;;;;"ID B";1107643;"Thu 2018-03-01 05:14:02 CET";0
1519877762;;;;;;;"ID B";1107643;"Thu 2018-03-01 05:16:02 CET";1
1519877882;;;;;;;"ID B";1107644;"Thu 2018-03-01 05:18:02 CET";0
1519878002;;;;;;;"ID B";1107644;"Thu 2018-03-01 05:20:02 CET";0
1519878092;;;;;;;"ID B";1107644;"Thu 2018-03-01 05:21:32 CET";0
1519878122;;;;;;;"ID B";1107644;"Thu 2018-03-01 05:22:02 CET";0
1519878242;;;;;;;"ID B";1107644;"Thu 2018-03-01 05:24:02 CET";0
1519878362;;;;;;;"ID B";1107644;"Thu 2018-03-01 05:26:02 CET";0
1519878482;;;;;;;"ID B";1107644;"Thu 2018-03-01 05:28:02 CET";0
1519878602;;;;;;;"ID B";1107644;"Thu 2018-03-01 05:30:02 CET";0
1519878722;;;;;;;"ID B";1107644;"Thu 2018-03-01 05:32:02 CET";0
1519878842;;;;;;;"ID B";1107644;"Thu 2018-03-01 05:34:02 CET";0
1519878962;;;;;;;"ID B";1107644;"Thu 2018-03-01 05:36:02 CET";0
1519879082;;;;;;;"ID B";1107644;"Thu 2018-03-01 05:38:02 CET";0
1519879202;;;;;;;"ID B";1107644;"Thu 2018-03-01 05:40:02 CET";0
1519879322;;;;;;;"ID B";1107644;"Thu 2018-03-01 05:42:02 CET";0
1519879442;;;;;;;"ID B";1107644;"Thu 2018-03-01 05:44:02 CET";0
1519879562;;;;;;;"ID B";1107644;"Thu 2018-03-01 05:46:02 CET";0
1519879682;;;;;;;"ID B";1107644;"Thu 2018-03-01 05:48:02 CET";0
1519879802;;;;;;;"ID B";1107644;"Thu 2018-03-01 05:50:02 CET";0
1519879922;;;;;;;"ID B";1107644;"Thu 2018-03-01 05:52:02 CET";0
1519880042;;;;;;;"ID B";1107644;"Thu 2018-03-01 05:54:02 CET";0
1519880162;;;;;;;"ID B";1107644;"Thu 2018-03-01 05:56:02 CET";1
1519880282;;;;;;;"ID B";1107645;"Thu 2018-03-01 05:58:02 CET";0
1519880402;;;;;;;"ID B";1107645;"Thu 2018-03-01 06:00:02 CET";0
1519880516;;;;;;;"ID B";1107645;"Thu 2018-03-01 06:01:56 CET";0
1519880522;;;;;;;"ID B";1107645;"Thu 2018-03-01 06:02:02 CET";0
1519880642;;;;;;;"ID B";1107645;"Thu 2018-03-01 06:04:02 CET";0
1519880762;;;;;;;"ID B";1107645;"Thu 2018-03-01 06:06:02 CET";0
1519880882;;;;;;;"ID B";1107645;"Thu 2018-03-01 06:08:02 CET";0
1519881002;;;;;;;"ID B";1107645;"Thu 2018-03-01 06:10:02 CET";0
1519881122;;;;;;;"ID B";1107645;"Thu 2018-03-01 06:12:02 CET";0
1519881242;;;;;;;"ID B";1107645;"Thu 2018-03-01 06:14:02 CET";0
1519881362;;;;;;;"ID B";1107645;"Thu 2018-03-01 06:16:02 CET";0
1519881482;;;;;;;"ID B";1107645;"Thu 2018-03-01 06:18:02 CET";0
1519881602;;;;;;;"ID B";1107645;"Thu 2018-03-01 06:20:02 CET";0
1519881722;;;;;;;"ID B";1107645;"Thu 2018-03-01 06:22:02 CET";0
1519881842;;;;;;;"ID B";1107645;"Thu 2018-03-01 06:24:02 CET";0
1519881962;;;;;;;"ID B";1107645;"Thu 2018-03-01 06:26:02 CET";0
1519882082;;;;;;;"ID B";1107645;"Thu 2018-03-01 06:28:02 CET";0
1519882202;;;;;;;"ID B";1107645;"Thu 2018-03-01 06:30:02 CET";0
1519882322;;;;;;;"ID B";1107645;"Thu 2018-03-01 06:32:02 CET";0
1519882442;;;;;;;"ID B";1107645;"Thu 2018-03-01 06:34:02 CET";0
1519882562;;;;;;;"ID B";1107645;"Thu 2018-03-01 06:36:02 CET";0
1519882682;;;;;;;"ID B";1107645;"Thu 2018-03-01 06:38:02 CET";0
1519882802;;;;;;;"ID B";1107645;"Thu 2018-03-01 06:40:02 CET";0
1519882911;;;;;;;"ID B";1107645;"Thu 2018-03-01 06:41:51 CET";0
1519882922;;;;;;;"ID B";1107645;"Thu 2018-03-01 06:42:02 CET";1
1519883042;;;;;;;"ID B";1107646;"Thu 2018-03-01 06:44:02 CET";0
1519883162;;;;;;;"ID B";1107646;"Thu 2018-03-01 06:46:02 CET";0
1519883282;;;;;;;"ID B";1107646;"Thu 2018-03-01 06:48:02 CET";0
1519883402;;;;;;;"ID B";1107646;"Thu 2018-03-01 06:50:02 CET";0
1519883522;;;;;;;"ID B";1107646;"Thu 2018-03-01 06:52:02 CET";0
1519883642;;;;;;;"ID B";1107646;"Thu 2018-03-01 06:54:02 CET";0
1519883762;;;;;;;"ID B";1107646;"Thu 2018-03-01 06:56:02 CET";0
1519883882;;;;;;;"ID B";1107646;"Thu 2018-03-01 06:58:02 CET";0
1519884002;;;;;;;"ID B";1107646;"Thu 2018-03-01 07:00:02 CET";0
1519884122;;;;;;;"ID B";1107646;"Thu 2018-03-01 07:02:02 CET";0
1519884242;;;;;;;"ID B";1107646;"Thu 2018-03-01 07:04:02 CET";0
1519884362;;;;;;;"ID B";1107646;"Thu 2018-03-01 07:06:02 CET";0
1519884482;;;;;;;"ID B";1107646;"Thu 2018-03-01 07:08:02 CET";0
1519884602;;;;;;;"ID B";1107646;"Thu 2018-03-01 07:10:02 CET";0
1519884722;;;;;;;"ID B";1107646;"Thu 2018-03-01 07:12:02 CET";0
1519884842;;;;;;;"ID B";1107646;"Thu 2018-03-01 07:14:02 CET";0
1519884962;;;;;;;"ID B";1107646;"Thu 2018-03-01 07:16:02 CET";0
1519885082;;;;;;;"ID B";1107646;"Thu 2018-03-01 07:18:02 CET";0
1519885202;;;;;;;"ID B";1107646;"Thu 2018-03-01 07:20:02 CET";0
1519885320;;;;;;;"ID B";1107646;"Thu 2018-03-01 07:22:00 CET";0
1519885442;;;;;;;"ID B";1107646;"Thu 2018-03-01 07:24:02 CET";0
1519885562;;;;;;;"ID B";1107646;"Thu 2018-03-01 07:26:02 CET";0
1519885682;;;;;;;"ID B";1107646;"Thu 2018-03-01 07:28:02 CET";0
1519885802;;;;;;;"ID B";1107646;"Thu 2018-03-01 07:30:02 CET";0
1519885922;;;;;;;"ID B";1107646;"Thu 2018-03-01 07:32:02 CET";1
1519886042;;;;;;;"ID B";1107647;"Thu 2018-03-01 07:34:02 CET";0
1519886162;;;;;;;"ID B";1107647;"Thu 2018-03-01 07:36:02 CET";0
1519886282;;;;;;;"ID B";1107647;"Thu 2018-03-01 07:38:02 CET";0
1519886402;;;;;;;"ID B";1107647;"Thu 2018-03-01 07:40:02 CET";0
1519886522;;;;;;;"ID B";1107647;"Thu 2018-03-01 07:42:02 CET";0
1519886642;;;;;;;"ID B";1107647;"Thu 2018-03-01 07:44:02 CET";0
1519886762;;;;;;;"ID B";1107647;"Thu 2018-03-01 07:46:02 CET";0
1519886882;;;;;;;"ID B";1107647;"Thu 2018-03-01 07:48:02 CET";0
1519887002;;;;;;;"ID B";1107647;"Thu 2018-03-01 07:50:02 CET";0
1519887122;;;;;;;"ID B";1107647;"Thu 2018-03-01 07:52:02 CET";0
1519887242;;;;;;;"ID B";1107647;"Thu 2018-03-01 07:54:02 CET";0
1519887362;;;;;;;"ID B";1107647;"Thu 2018-03-01 07:56:02 CET";1
1519887482;;;;;;;"ID B";1107648;"Thu 2018-03-01 07:58:02 CET";38;38
1519887602;;;;;;;"ID B";1107686;"Thu 2018-03-01 08:00:02 CET";29;29
1519887694;;;;;;;"ID B";1107715;"Thu 2018-03-01 08:01:34 CET";9;9
1519887722;;;;;;;"ID B";1107724;"Thu 2018-03-01 08:02:02 CET";37;37
1519887842;;;;;;;"ID B";1107761;"Thu 2018-03-01 08:04:02 CET";38;38
1519887962;;;;;;;"ID B";1107799;"Thu 2018-03-01 08:06:02 CET";39;39
1519888082;;;;;;;"ID B";1107838;"Thu 2018-03-01 08:08:02 CET";38;38
1519888202;;;;;;;"ID B";1107876;"Thu 2018-03-01 08:10:02 CET";38;38
1519888322;;;;;;;"ID B";1107914;"Thu 2018-03-01 08:12:02 CET";39;39
1519888442;;;;;;;"ID B";1107953;"Thu 2018-03-01 08:14:02 CET";37;37
1519888562;;;;;;;"ID B";1107990;"Thu 2018-03-01 08:16:02 CET";38;38
1519888682;;;;;;;"ID B";1108028;"Thu 2018-03-01 08:18:02 CET";38;38
1519888802;;;;;;;"ID B";1108066;"Thu 2018-03-01 08:20:02 CET";38;38
1519888922;;;;;;;"ID B";1108104;"Thu 2018-03-01 08:22:02 CET";39;39
1519889042;;;;;;;"ID B";1108143;"Thu 2018-03-01 08:24:02 CET";38;38
1519889162;;;;;;;"ID B";1108181;"Thu 2018-03-01 08:26:02 CET";29;29
1519889282;;;;;;;"ID B";1108210;"Thu 2018-03-01 08:28:02 CET";39;39
1519889402;;;;;;;"ID B";1108249;"Thu 2018-03-01 08:30:02 CET";16;16
1519889522;;;;;;;"ID B";1108265;"Thu 2018-03-01 08:32:02 CET";0
1519889642;;;;;;;"ID B";1108265;"Thu 2018-03-01 08:34:02 CET";0
1519889762;;;;;;;"ID B";1108265;"Thu 2018-03-01 08:36:02 CET";0
1519889882;;;;;;;"ID B";1108265;"Thu 2018-03-01 08:38:02 CET";0
1519890002;;;;;;;"ID B";1108265;"Thu 2018-03-01 08:40:02 CET";0
1519890099;;;;;;;"ID B";1108265;"Thu 2018-03-01 08:41:39 CET";0
1519890122;;;;;;;"ID B";1108265;"Thu 2018-03-01 08:42:02 CET";0
1519890242;;;;;;;"ID B";1108265;"Thu 2018-03-01 08:44:02 CET";0
1519890362;;;;;;;"ID B";1108265;"Thu 2018-03-01 08:46:02 CET";0
1519890482;;;;;;;"ID B";1108265;"Thu 2018-03-01 08:48:02 CET";0
1519890602;;;;;;;"ID B";1108265;"Thu 2018-03-01 08:50:02 CET";0
1519890722;;;;;;;"ID B";1108265;"Thu 2018-03-01 08:52:02 CET";0
1519890842;;;;;;;"ID B";1108265;"Thu 2018-03-01 08:54:02 CET";0
1519890962;;;;;;;"ID B";1108265;"Thu 2018-03-01 08:56:02 CET";0
1519891082;;;;;;;"ID B";1108265;"Thu 2018-03-01 08:58:02 CET";0
1519891202;;;;;;;"ID B";1108265;"Thu 2018-03-01 09:00:02 CET";0
1519891322;;;;;;;"ID B";1108265;"Thu 2018-03-01 09:02:02 CET";0
1519891442;;;;;;;"ID B";1108265;"Thu 2018-03-01 09:04:02 CET";0
1519891562;;;;;;;"ID B";1108265;"Thu 2018-03-01 09:06:02 CET";0
1519891682;;;;;;;"ID B";1108265;"Thu 2018-03-01 09:08:02 CET";0
1519891802;;;;;;;"ID B";1108265;"Thu 2018-03-01 09:10:02 CET";0
1519891922;;;;;;;"ID B";1108265;"Thu 2018-03-01 09:12:02 CET";0
1519892042;;;;;;;"ID B";1108265;"Thu 2018-03-01 09:14:02 CET";0
1519892162;;;;;;;"ID B";1108265;"Thu 2018-03-01 09:16:02 CET";0
1519892282;;;;;;;"ID B";1108265;"Thu 2018-03-01 09:18:02 CET";0
1519892402;;;;;;;"ID B";1108265;"Thu 2018-03-01 09:20:02 CET";0
1519892521;;;;;;;"ID B";1108265;"Thu 2018-03-01 09:22:01 CET";0
1519892642;;;;;;;"ID B";1108265;"Thu 2018-03-01 09:24:02 CET";0
1519892762;;;;;;;"ID B";1108265;"Thu 2018-03-01 09:26:02 CET";0
1519892882;;;;;;;"ID B";1108265;"Thu 2018-03-01 09:28:02 CET";1
1519893002;;;;;;;"ID B";1108266;"Thu 2018-03-01 09:30:02 CET";0
1519893122;;;;;;;"ID B";1108266;"Thu 2018-03-01 09:32:02 CET";0
1519893242;;;;;;;"ID B";1108266;"Thu 2018-03-01 09:34:02 CET";0
1519893362;;;;;;;"ID B";1108266;"Thu 2018-03-01 09:36:02 CET";0
1519893482;;;;;;;"ID B";1108266;"Thu 2018-03-01 09:38:02 CET";0
1519893602;;;;;;;"ID B";1108266;"Thu 2018-03-01 09:40:02 CET";0
1519893722;;;;;;;"ID B";1108266;"Thu 2018-03-01 09:42:02 CET";0
1519893842;;;;;;;"ID B";1108266;"Thu 2018-03-01 09:44:02 CET";0
1519893962;;;;;;;"ID B";1108266;"Thu 2018-03-01 09:46:02 CET";0
1519894082;;;;;;;"ID B";1108266;"Thu 2018-03-01 09:48:02 CET";0
1519894202;;;;;;;"ID B";1108266;"Thu 2018-03-01 09:50:02 CET";0
1519894322;;;;;;;"ID B";1108266;"Thu 2018-03-01 09:52:02 CET";0
1519894442;;;;;;;"ID B";1108266;"Thu 2018-03-01 09:54:02 CET";0
1519894562;;;;;;;"ID B";1108266;"Thu 2018-03-01 09:56:02 CET";0
1519894682;;;;;;;"ID B";1108266;"Thu 2018-03-01 09:58:02 CET";0
1519894802;;;;;;;"ID B";1108266;"Thu 2018-03-01 10:00:02 CET";0
1519894898;;;;;;;"ID B";1108266;"Thu 2018-03-01 10:01:38 CET";0
1519894922;;;;;;;"ID B";1108266;"Thu 2018-03-01 10:02:02 CET";0
1519895042;;;;;;;"ID B";1108266;"Thu 2018-03-01 10:04:02 CET";0
1519895162;;;;;;;"ID B";1108266;"Thu 2018-03-01 10:06:02 CET";0
1519895282;;;;;;;"ID B";1108266;"Thu 2018-03-01 10:08:02 CET";0
1519895402;;;;;;;"ID B";1108266;"Thu 2018-03-01 10:10:02 CET";0
1519895522;;;;;;;"ID B";1108266;"Thu 2018-03-01 10:12:02 CET";0
1519895642;;;;;;;"ID B";1108266;"Thu 2018-03-01 10:14:02 CET";0
1519895762;;;;;;;"ID B";1108266;"Thu 2018-03-01 10:16:02 CET";0
1519895882;;;;;;;"ID B";1108266;"Thu 2018-03-01 10:18:02 CET";0
1519896002;;;;;;;"ID B";1108266;"Thu 2018-03-01 10:20:02 CET";0
1519896122;;;;;;;"ID B";1108266;"Thu 2018-03-01 10:22:02 CET";3;3
1519896242;;;;;;;"ID B";1108269;"Thu 2018-03-01 10:24:02 CET";3;3
1519896362;;;;;;;"ID B";1108272;"Thu 2018-03-01 10:26:02 CET";2;2
1519896482;;;;;;;"ID B";1108274;"Thu 2018-03-01 10:28:02 CET";3;3
1519896602;;;;;;;"ID B";1108277;"Thu 2018-03-01 10:30:02 CET";19;19
1519896722;;;;;;;"ID B";1108296;"Thu 2018-03-01 10:32:02 CET";38;38
1519896842;;;;;;;"ID B";1108334;"Thu 2018-03-01 10:34:02 CET";38;38
1519896962;;;;;;;"ID B";1108372;"Thu 2018-03-01 10:36:02 CET";38;38
1519897082;;;;;;;"ID B";1108410;"Thu 2018-03-01 10:38:02 CET";39;39
1519897202;;;;;;;"ID B";1108449;"Thu 2018-03-01 10:40:02 CET";32;32
1519897367;;;;;;;"ID B";1108481;"Thu 2018-03-01 10:42:47 CET";24;24
1519897442;;;;;;;"ID B";1108505;"Thu 2018-03-01 10:44:02 CET";38;38
1519897562;;;;;;;"ID B";1108543;"Thu 2018-03-01 10:46:02 CET";37;37
1519897682;;;;;;;"ID B";1108580;"Thu 2018-03-01 10:48:02 CET";19;19
1519897802;;;;;;;"ID B";1108599;"Thu 2018-03-01 10:50:02 CET";0
1519897922;;;;;;;"ID B";1108599;"Thu 2018-03-01 10:52:02 CET";0
1519898042;;;;;;;"ID B";1108599;"Thu 2018-03-01 10:54:02 CET";0
1519898162;;;;;;;"ID B";1108599;"Thu 2018-03-01 10:56:02 CET";0
1519898282;;;;;;;"ID B";1108599;"Thu 2018-03-01 10:58:02 CET";0
1519898402;;;;;;;"ID B";1108599;"Thu 2018-03-01 11:00:02 CET";0
1519898522;;;;;;;"ID B";1108599;"Thu 2018-03-01 11:02:02 CET";0
1519898642;;;;;;;"ID B";1108599;"Thu 2018-03-01 11:04:02 CET";0
1519898762;;;;;;;"ID B";1108599;"Thu 2018-03-01 11:06:02 CET";0
1519898882;;;;;;;"ID B";1108599;"Thu 2018-03-01 11:08:02 CET";0
1519899002;;;;;;;"ID B";1108599;"Thu 2018-03-01 11:10:02 CET";0
1519899122;;;;;;;"ID B";1108599;"Thu 2018-03-01 11:12:02 CET";0
1519899242;;;;;;;"ID B";1108599;"Thu 2018-03-01 11:14:02 CET";0
1519899362;;;;;;;"ID B";1108599;"Thu 2018-03-01 11:16:02 CET";0
1519899482;;;;;;;"ID B";1108599;"Thu 2018-03-01 11:18:02 CET";0
1519899602;;;;;;;"ID B";1108599;"Thu 2018-03-01 11:20:02 CET";0
1519899713;;;;;;;"ID B";1108599;"Thu 2018-03-01 11:21:53 CET";0
1519899722;;;;;;;"ID B";1108599;"Thu 2018-03-01 11:22:02 CET";0
1519899842;;;;;;;"ID B";1108599;"Thu 2018-03-01 11:24:02 CET";0
1519899962;;;;;;;"ID B";1108599;"Thu 2018-03-01 11:26:02 CET";1
1519900082;;;;;;;"ID B";1108600;"Thu 2018-03-01 11:28:02 CET";0
1519900202;;;;;;;"ID B";1108600;"Thu 2018-03-01 11:30:02 CET";0
1519900322;;;;;;;"ID B";1108600;"Thu 2018-03-01 11:32:02 CET";0
1519900442;;;;;;;"ID B";1108600;"Thu 2018-03-01 11:34:02 CET";0
1519900562;;;;;;;"ID B";1108600;"Thu 2018-03-01 11:36:02 CET";0
1519900682;;;;;;;"ID B";1108600;"Thu 2018-03-01 11:38:02 CET";0
1519900802;;;;;;;"ID B";1108600;"Thu 2018-03-01 11:40:02 CET";0
1519900922;;;;;;;"ID B";1108600;"Thu 2018-03-01 11:42:02 CET";0
1519901042;;;;;;;"ID B";1108600;"Thu 2018-03-01 11:44:02 CET";0
1519901162;;;;;;;"ID B";1108600;"Thu 2018-03-01 11:46:02 CET";0
1519901282;;;;;;;"ID B";1108600;"Thu 2018-03-01 11:48:02 CET";0
1519901402;;;;;;;"ID B";1108600;"Thu 2018-03-01 11:50:02 CET";31;31
1519901522;;;;;;;"ID B";1108631;"Thu 2018-03-01 11:52:02 CET";38;38
1519901642;;;;;;;"ID B";1108669;"Thu 2018-03-01 11:54:02 CET";38;38
1519901762;;;;;;;"ID B";1108707;"Thu 2018-03-01 11:56:02 CET";74;74
1519901882;;;;;;;"ID B";1108781;"Thu 2018-03-01 11:58:02 CET";38;38
1519902002;;;;;;;"ID B";1108819;"Thu 2018-03-01 12:00:02 CET";43;43
1519902135;;;;;;;"ID B";1108862;"Thu 2018-03-01 12:02:15 CET";34;34
1519902242;;;;;;;"ID B";1108896;"Thu 2018-03-01 12:04:02 CET";39;39
1519902362;;;;;;;"ID B";1108935;"Thu 2018-03-01 12:06:02 CET";38;38
1519902482;;;;;;;"ID B";1108973;"Thu 2018-03-01 12:08:02 CET";39;39
1519902602;;;;;;;"ID B";1109012;"Thu 2018-03-01 12:10:02 CET";38;38
1519902722;;;;;;;"ID B";1109050;"Thu 2018-03-01 12:12:02 CET";38;38
1519902842;;;;;;;"ID B";1109088;"Thu 2018-03-01 12:14:02 CET";38;38
1519902962;;;;;;;"ID B";1109126;"Thu 2018-03-01 12:16:02 CET";0
1519903082;;;;;;;"ID B";1109126;"Thu 2018-03-01 12:18:02 CET";0
1519903202;;;;;;;"ID B";1109126;"Thu 2018-03-01 12:20:02 CET";0
1519903322;;;;;;;"ID B";1109126;"Thu 2018-03-01 12:22:02 CET";0
1519903442;;;;;;;"ID B";1109126;"Thu 2018-03-01 12:24:02 CET";0
1519903562;;;;;;;"ID B";1109126;"Thu 2018-03-01 12:26:02 CET";0
1519903682;;;;;;;"ID B";1109126;"Thu 2018-03-01 12:28:02 CET";0
1519903802;;;;;;;"ID B";1109126;"Thu 2018-03-01 12:30:02 CET";0
1519903922;;;;;;;"ID B";1109126;"Thu 2018-03-01 12:32:02 CET";0
1519904042;;;;;;;"ID B";1109126;"Thu 2018-03-01 12:34:02 CET";0
1519904162;;;;;;;"ID B";1109126;"Thu 2018-03-01 12:36:02 CET";0
1519904282;;;;;;;"ID B";1109126;"Thu 2018-03-01 12:38:02 CET";0
1519904402;;;;;;;"ID B";1109126;"Thu 2018-03-01 12:40:02 CET";0
1519904548;;;;;;;"ID B";1109126;"Thu 2018-03-01 12:42:28 CET";0
1519904642;;;;;;;"ID B";1109126;"Thu 2018-03-01 12:44:02 CET";0
1519904762;;;;;;;"ID B";1109126;"Thu 2018-03-01 12:46:02 CET";0
1519904882;;;;;;;"ID B";1109126;"Thu 2018-03-01 12:48:02 CET";0
1519905002;;;;;;;"ID B";1109126;"Thu 2018-03-01 12:50:02 CET";1
1519905122;;;;;;;"ID B";1109127;"Thu 2018-03-01 12:52:02 CET";0
1519905242;;;;;;;"ID B";1109127;"Thu 2018-03-01 12:54:02 CET";0
1519905362;;;;;;;"ID B";1109127;"Thu 2018-03-01 12:56:02 CET";0
1519905482;;;;;;;"ID B";1109127;"Thu 2018-03-01 12:58:02 CET";0
1519905602;;;;;;;"ID B";1109127;"Thu 2018-03-01 13:00:02 CET";1
1519905722;;;;;;;"ID B";1109128;"Thu 2018-03-01 13:02:02 CET";30;30
1519905842;;;;;;;"ID B";1109158;"Thu 2018-03-01 13:04:02 CET";86;86
1519905962;;;;;;;"ID B";1109244;"Thu 2018-03-01 13:06:02 CET";142;142
1519906082;;;;;;;"ID B";1109386;"Thu 2018-03-01 13:08:02 CET";152;152
1519906202;;;;;;;"ID B";1109538;"Thu 2018-03-01 13:10:02 CET";114;114
1519906322;;;;;;;"ID B";1109652;"Thu 2018-03-01 13:12:02 CET";107;107
1519906442;;;;;;;"ID B";1109759;"Thu 2018-03-01 13:14:02 CET";71;71
1519906562;;;;;;;"ID B";1109830;"Thu 2018-03-01 13:16:02 CET";38;38
1519906682;;;;;;;"ID B";1109868;"Thu 2018-03-01 13:18:02 CET";38;38
1519906802;;;;;;;"ID B";1109906;"Thu 2018-03-01 13:20:02 CET";48;48
1519906958;;;;;;;"ID B";1109954;"Thu 2018-03-01 13:22:38 CET";27;27
1519907042;;;;;;;"ID B";1109981;"Thu 2018-03-01 13:24:02 CET";38;38
1519907162;;;;;;;"ID B";1110019;"Thu 2018-03-01 13:26:02 CET";37;37
1519907282;;;;;;;"ID B";1110056;"Thu 2018-03-01 13:28:02 CET";38;38
1519907402;;;;;;;"ID B";1110094;"Thu 2018-03-01 13:30:02 CET";37;37
1519907522;;;;;;;"ID B";1110131;"Thu 2018-03-01 13:32:02 CET";38;38
1519907642;;;;;;;"ID B";1110169;"Thu 2018-03-01 13:34:02 CET";24;24
1519907762;;;;;;;"ID B";1110193;"Thu 2018-03-01 13:36:02 CET";2;2
1519907882;;;;;;;"ID B";1110195;"Thu 2018-03-01 13:38:02 CET";3;3
1519908002;;;;;;;"ID B";1110198;"Thu 2018-03-01 13:40:02 CET";2;2
1519908122;;;;;;;"ID B";1110200;"Thu 2018-03-01 13:42:02 CET";3;3
1519908242;;;;;;;"ID B";1110203;"Thu 2018-03-01 13:44:02 CET";3;3
1519908362;;;;;;;"ID B";1110206;"Thu 2018-03-01 13:46:02 CET";2;2
1519908482;;;;;;;"ID B";1110208;"Thu 2018-03-01 13:48:02 CET";3;3
1519908602;;;;;;;"ID B";1110211;"Thu 2018-03-01 13:50:02 CET";2;2
1519908722;;;;;;;"ID B";1110213;"Thu 2018-03-01 13:52:02 CET";3;3
1519908842;;;;;;;"ID B";1110216;"Thu 2018-03-01 13:54:02 CET";3;3
1519908962;;;;;;;"ID B";1110219;"Thu 2018-03-01 13:56:02 CET";2;2
1519909082;;;;;;;"ID B";1110221;"Thu 2018-03-01 13:58:02 CET";3;3
1519909202;;;;;;;"ID B";1110224;"Thu 2018-03-01 14:00:02 CET";2;2
1519909311;;;;;;;"ID B";1110226;"Thu 2018-03-01 14:01:51 CET";0
1519909322;;;;;;;"ID B";1110226;"Thu 2018-03-01 14:02:02 CET";3;3
1519909442;;;;;;;"ID B";1110229;"Thu 2018-03-01 14:04:02 CET";3;3
1519909562;;;;;;;"ID B";1110232;"Thu 2018-03-01 14:06:02 CET";2;2
1519909682;;;;;;;"ID B";1110234;"Thu 2018-03-01 14:08:02 CET";3;3
1519909802;;;;;;;"ID B";1110237;"Thu 2018-03-01 14:10:02 CET";3;3
1519909922;;;;;;;"ID B";1110240;"Thu 2018-03-01 14:12:02 CET";2;2
1519910042;;;;;;;"ID B";1110242;"Thu 2018-03-01 14:14:02 CET";3;3
1519910162;;;;;;;"ID B";1110245;"Thu 2018-03-01 14:16:02 CET";2;2
1519910282;;;;;;;"ID B";1110247;"Thu 2018-03-01 14:18:02 CET";3;3
1519910402;;;;;;;"ID B";1110250;"Thu 2018-03-01 14:20:02 CET";3;3
1519910522;;;;;;;"ID B";1110253;"Thu 2018-03-01 14:22:02 CET";2;2
1519910642;;;;;;;"ID B";1110255;"Thu 2018-03-01 14:24:02 CET";3;3
1519910762;;;;;;;"ID B";1110258;"Thu 2018-03-01 14:26:02 CET";2;2
1519910882;;;;;;;"ID B";1110260;"Thu 2018-03-01 14:28:02 CET";3;3
1519911002;;;;;;;"ID B";1110263;"Thu 2018-03-01 14:30:02 CET";3;3
1519911122;;;;;;;"ID B";1110266;"Thu 2018-03-01 14:32:02 CET";2;2
1519911242;;;;;;;"ID B";1110268;"Thu 2018-03-01 14:34:02 CET";3;3
1519911362;;;;;;;"ID B";1110271;"Thu 2018-03-01 14:36:02 CET";2;2
1519911482;;;;;;;"ID B";1110273;"Thu 2018-03-01 14:38:02 CET";3;3
1519911602;;;;;;;"ID B";1110276;"Thu 2018-03-01 14:40:02 CET";3;3
1519911718;;;;;;;"ID B";1110279;"Thu 2018-03-01 14:41:58 CET";0
1519911722;;;;;;;"ID B";1110279;"Thu 2018-03-01 14:42:02 CET";25;25
1519911842;;;;;;;"ID B";1110304;"Thu 2018-03-01 14:44:02 CET";39;39
1519911962;;;;;;;"ID B";1110343;"Thu 2018-03-01 14:46:02 CET";39;39
1519912082;;;;;;;"ID B";1110382;"Thu 2018-03-01 14:48:02 CET";39;39
1519912202;;;;;;;"ID B";1110421;"Thu 2018-03-01 14:50:02 CET";38;38
1519912322;;;;;;;"ID B";1110459;"Thu 2018-03-01 14:52:02 CET";102;102
1519912442;;;;;;;"ID B";1110561;"Thu 2018-03-01 14:54:02 CET";251;251
1519912562;;;;;;;"ID B";1110812;"Thu 2018-03-01 14:56:02 CET";242;242
1519912682;;;;;;;"ID B";1111054;"Thu 2018-03-01 14:58:02 CET";240;240
1519912802;;;;;;;"ID B";1111294;"Thu 2018-03-01 15:00:02 CET";143;143
1519912922;;;;;;;"ID B";1111437;"Thu 2018-03-01 15:02:02 CET";173;173
1519913042;;;;;;;"ID B";1111610;"Thu 2018-03-01 15:04:02 CET";76;76
1519913162;;;;;;;"ID B";1111686;"Thu 2018-03-01 15:06:02 CET";73;73
1519913282;;;;;;;"ID B";1111759;"Thu 2018-03-01 15:08:02 CET";72;72
1519913402;;;;;;;"ID B";1111831;"Thu 2018-03-01 15:10:02 CET";39;39
1519913522;;;;;;;"ID B";1111870;"Thu 2018-03-01 15:12:02 CET";38;38
1519913642;;;;;;;"ID B";1111908;"Thu 2018-03-01 15:14:02 CET";39;39
1519913762;;;;;;;"ID B";1111947;"Thu 2018-03-01 15:16:02 CET";38;38
1519913882;;;;;;;"ID B";1111985;"Thu 2018-03-01 15:18:02 CET";39;39
1519914002;;;;;;;"ID B";1112024;"Thu 2018-03-01 15:20:02 CET";49;49
1519914156;;;;;;;"ID B";1112073;"Thu 2018-03-01 15:22:36 CET";28;28
1519914242;;;;;;;"ID B";1112101;"Thu 2018-03-01 15:24:02 CET";39;39
1519914362;;;;;;;"ID B";1112140;"Thu 2018-03-01 15:26:02 CET";57;57
1519914482;;;;;;;"ID B";1112197;"Thu 2018-03-01 15:28:02 CET";238;238
1519914602;;;;;;;"ID B";1112435;"Thu 2018-03-01 15:30:02 CET";236;236
1519914722;;;;;;;"ID B";1112671;"Thu 2018-03-01 15:32:02 CET";105;105
1519914842;;;;;;;"ID B";1112776;"Thu 2018-03-01 15:34:02 CET";228;228
1519914962;;;;;;;"ID B";1113004;"Thu 2018-03-01 15:36:02 CET";236;236
1519915082;;;;;;;"ID B";1113240;"Thu 2018-03-01 15:38:02 CET";103;103
1519915202;;;;;;;"ID B";1113343;"Thu 2018-03-01 15:40:02 CET";136;136
1519915322;;;;;;;"ID B";1113479;"Thu 2018-03-01 15:42:02 CET";232;232
1519915442;;;;;;;"ID B";1113711;"Thu 2018-03-01 15:44:02 CET";135;135
1519915562;;;;;;;"ID B";1113846;"Thu 2018-03-01 15:46:02 CET";147;147
1519915682;;;;;;;"ID B";1113993;"Thu 2018-03-01 15:48:02 CET";189;189
1519915802;;;;;;;"ID B";1114182;"Thu 2018-03-01 15:50:02 CET";169;169
1519915922;;;;;;;"ID B";1114351;"Thu 2018-03-01 15:52:02 CET";132;132
1519916042;;;;;;;"ID B";1114483;"Thu 2018-03-01 15:54:02 CET";42;42
1519916162;;;;;;;"ID B";1114525;"Thu 2018-03-01 15:56:02 CET";38;38
1519916282;;;;;;;"ID B";1114563;"Thu 2018-03-01 15:58:02 CET";38;38
1519916402;;;;;;;"ID B";1114601;"Thu 2018-03-01 16:00:02 CET";39;39
1519916522;;;;;;;"ID B";1114640;"Thu 2018-03-01 16:02:02 CET";38;38
1519916642;;;;;;;"ID B";1114678;"Thu 2018-03-01 16:04:02 CET";74;74
1519916762;;;;;;;"ID B";1114752;"Thu 2018-03-01 16:06:02 CET";102;102
1519916882;;;;;;;"ID B";1114854;"Thu 2018-03-01 16:08:02 CET";38;38
1519917002;;;;;;;"ID B";1114892;"Thu 2018-03-01 16:10:02 CET";38;38
1519917122;;;;;;;"ID B";1114930;"Thu 2018-03-01 16:12:02 CET";38;38
1519917242;;;;;;;"ID B";1114968;"Thu 2018-03-01 16:14:02 CET";39;39
1519917362;;;;;;;"ID B";1115007;"Thu 2018-03-01 16:16:02 CET";38;38
1519917482;;;;;;;"ID B";1115045;"Thu 2018-03-01 16:18:02 CET";39;39
1519917602;;;;;;;"ID B";1115084;"Thu 2018-03-01 16:20:02 CET";111;111
1519917722;;;;;;;"ID B";1115195;"Thu 2018-03-01 16:22:02 CET";274;274
1519917842;;;;;;;"ID B";1115469;"Thu 2018-03-01 16:24:02 CET";211;211
1519917962;;;;;;;"ID B";1115680;"Thu 2018-03-01 16:26:02 CET";38;38
1519918082;;;;;;;"ID B";1115718;"Thu 2018-03-01 16:28:02 CET";145;145
1519918202;;;;;;;"ID B";1115863;"Thu 2018-03-01 16:30:02 CET";248;248
1519918322;;;;;;;"ID B";1116111;"Thu 2018-03-01 16:32:02 CET";207;207
1519918442;;;;;;;"ID B";1116318;"Thu 2018-03-01 16:34:02 CET";38;38
1519918562;;;;;;;"ID B";1116356;"Thu 2018-03-01 16:36:02 CET";180;180
1519918682;;;;;;;"ID B";1116536;"Thu 2018-03-01 16:38:02 CET";281;281
1519918802;;;;;;;"ID B";1116817;"Thu 2018-03-01 16:40:02 CET";146;146
1519918931;;;;;;;"ID B";1116963;"Thu 2018-03-01 16:42:11 CET";71;71
1519919042;;;;;;;"ID B";1117034;"Thu 2018-03-01 16:44:02 CET";256;256
1519919162;;;;;;;"ID B";1117290;"Thu 2018-03-01 16:46:02 CET";277;277
1519919282;;;;;;;"ID B";1117567;"Thu 2018-03-01 16:48:02 CET";110;110
1519919402;;;;;;;"ID B";1117677;"Thu 2018-03-01 16:50:02 CET";39;39
1519919522;;;;;;;"ID B";1117716;"Thu 2018-03-01 16:52:02 CET";145;145
1519919642;;;;;;;"ID B";1117861;"Thu 2018-03-01 16:54:02 CET";271;271
1519919762;;;;;;;"ID B";1118132;"Thu 2018-03-01 16:56:02 CET";143;143
1519919882;;;;;;;"ID B";1118275;"Thu 2018-03-01 16:58:02 CET";38;38
1519920002;;;;;;;"ID B";1118313;"Thu 2018-03-01 17:00:02 CET";38;38
1519920122;;;;;;;"ID B";1118351;"Thu 2018-03-01 17:02:02 CET";38;38
1519920242;;;;;;;"ID B";1118389;"Thu 2018-03-01 17:04:02 CET";120;120
1519920362;;;;;;;"ID B";1118509;"Thu 2018-03-01 17:06:02 CET";264;264
1519920482;;;;;;;"ID B";1118773;"Thu 2018-03-01 17:08:02 CET";139;139
1519920602;;;;;;;"ID B";1118912;"Thu 2018-03-01 17:10:02 CET";38;38
1519920722;;;;;;;"ID B";1118950;"Thu 2018-03-01 17:12:02 CET";38;38
1519920842;;;;;;;"ID B";1118988;"Thu 2018-03-01 17:14:02 CET";38;38
1519920962;;;;;;;"ID B";1119026;"Thu 2018-03-01 17:16:02 CET";38;38
1519921082;;;;;;;"ID B";1119064;"Thu 2018-03-01 17:18:02 CET";39;39
1519921202;;;;;;;"ID B";1119103;"Thu 2018-03-01 17:20:02 CET";35;35
1519921313;;;;;;;"ID B";1119138;"Thu 2018-03-01 17:21:53 CET";2;2
1519921322;;;;;;;"ID B";1119140;"Thu 2018-03-01 17:22:02 CET";38;38
1519921442;;;;;;;"ID B";1119178;"Thu 2018-03-01 17:24:02 CET";38;38
1519921562;;;;;;;"ID B";1119216;"Thu 2018-03-01 17:26:02 CET";38;38
1519921682;;;;;;;"ID B";1119254;"Thu 2018-03-01 17:28:02 CET";38;38
1519921802;;;;;;;"ID B";1119292;"Thu 2018-03-01 17:30:02 CET";38;38
1519921922;;;;;;;"ID B";1119330;"Thu 2018-03-01 17:32:02 CET";38;38
1519922042;;;;;;;"ID B";1119368;"Thu 2018-03-01 17:34:02 CET";38;38
1519922162;;;;;;;"ID B";1119406;"Thu 2018-03-01 17:36:02 CET";38;38
1519922282;;;;;;;"ID B";1119444;"Thu 2018-03-01 17:38:02 CET";38;38
1519922402;;;;;;;"ID B";1119482;"Thu 2018-03-01 17:40:02 CET";38;38
1519922522;;;;;;;"ID B";1119520;"Thu 2018-03-01 17:42:02 CET";99;99
1519922642;;;;;;;"ID B";1119619;"Thu 2018-03-01 17:44:02 CET";152;152
1519922762;;;;;;;"ID B";1119771;"Thu 2018-03-01 17:46:02 CET";186;186
1519922882;;;;;;;"ID B";1119957;"Thu 2018-03-01 17:48:02 CET";190;190
1519923002;;;;;;;"ID B";1120147;"Thu 2018-03-01 17:50:02 CET";64;64
1519923122;;;;;;;"ID B";1120211;"Thu 2018-03-01 17:52:02 CET";89;89
1519923242;;;;;;;"ID B";1120300;"Thu 2018-03-01 17:54:02 CET";173;173
1519923362;;;;;;;"ID B";1120473;"Thu 2018-03-01 17:56:02 CET";169;169
1519923482;;;;;;;"ID B";1120642;"Thu 2018-03-01 17:58:02 CET";167;167
1519923602;;;;;;;"ID B";1120809;"Thu 2018-03-01 18:00:02 CET";63;63
1519923713;;;;;;;"ID B";1120872;"Thu 2018-03-01 18:01:53 CET";3;3
1519923722;;;;;;;"ID B";1120875;"Thu 2018-03-01 18:02:02 CET";39;39
1519923842;;;;;;;"ID B";1120914;"Thu 2018-03-01 18:04:02 CET";38;38
1519923962;;;;;;;"ID B";1120952;"Thu 2018-03-01 18:06:02 CET";39;39
1519924082;;;;;;;"ID B";1120991;"Thu 2018-03-01 18:08:02 CET";141;141
1519924202;;;;;;;"ID B";1121132;"Thu 2018-03-01 18:10:02 CET";164;164
1519924322;;;;;;;"ID B";1121296;"Thu 2018-03-01 18:12:02 CET";160;160
1519924442;;;;;;;"ID B";1121456;"Thu 2018-03-01 18:14:02 CET";156;156
1519924562;;;;;;;"ID B";1121612;"Thu 2018-03-01 18:16:02 CET";37;37
1519924682;;;;;;;"ID B";1121649;"Thu 2018-03-01 18:18:02 CET";38;38
1519924802;;;;;;;"ID B";1121687;"Thu 2018-03-01 18:20:02 CET";38;38
1519924922;;;;;;;"ID B";1121725;"Thu 2018-03-01 18:22:02 CET";38;38
1519925042;;;;;;;"ID B";1121763;"Thu 2018-03-01 18:24:02 CET";38;38
1519925162;;;;;;;"ID B";1121801;"Thu 2018-03-01 18:26:02 CET";37;37
1519925282;;;;;;;"ID B";1121838;"Thu 2018-03-01 18:28:02 CET";39;39
1519925402;;;;;;;"ID B";1121877;"Thu 2018-03-01 18:30:02 CET";38;38
1519925522;;;;;;;"ID B";1121915;"Thu 2018-03-01 18:32:02 CET";38;38
1519925642;;;;;;;"ID B";1121953;"Thu 2018-03-01 18:34:02 CET";38;38
1519925762;;;;;;;"ID B";1121991;"Thu 2018-03-01 18:36:02 CET";38;38
1519925882;;;;;;;"ID B";1122029;"Thu 2018-03-01 18:38:02 CET";39;39
1519926002;;;;;;;"ID B";1122068;"Thu 2018-03-01 18:40:02 CET";37;37
1519926120;;;;;;;"ID B";1122105;"Thu 2018-03-01 18:42:00 CET";1
1519926123;;;;;;;"ID B";1122106;"Thu 2018-03-01 18:42:03 CET";38;38
1519926242;;;;;;;"ID B";1122144;"Thu 2018-03-01 18:44:02 CET";39;39
1519926362;;;;;;;"ID B";1122183;"Thu 2018-03-01 18:46:02 CET";38;38
1519926482;;;;;;;"ID B";1122221;"Thu 2018-03-01 18:48:02 CET";39;39
1519926602;;;;;;;"ID B";1122260;"Thu 2018-03-01 18:50:02 CET";166;166
1519926722;;;;;;;"ID B";1122426;"Thu 2018-03-01 18:52:02 CET";183;183
1519926842;;;;;;;"ID B";1122609;"Thu 2018-03-01 18:54:02 CET";203;203
1519926962;;;;;;;"ID B";1122812;"Thu 2018-03-01 18:56:02 CET";190;190
1519927082;;;;;;;"ID B";1123002;"Thu 2018-03-01 18:58:02 CET";38;38
1519927202;;;;;;;"ID B";1123040;"Thu 2018-03-01 19:00:02 CET";39;39
1519927322;;;;;;;"ID B";1123079;"Thu 2018-03-01 19:02:02 CET";38;38
1519927442;;;;;;;"ID B";1123117;"Thu 2018-03-01 19:04:02 CET";39;39
1519927562;;;;;;;"ID B";1123156;"Thu 2018-03-01 19:06:02 CET";167;167
1519927682;;;;;;;"ID B";1123323;"Thu 2018-03-01 19:08:02 CET";169;169
1519927802;;;;;;;"ID B";1123492;"Thu 2018-03-01 19:10:02 CET";144;144
1519927922;;;;;;;"ID B";1123636;"Thu 2018-03-01 19:12:02 CET";166;166
1519928042;;;;;;;"ID B";1123802;"Thu 2018-03-01 19:14:02 CET";39;39
1519928162;;;;;;;"ID B";1123841;"Thu 2018-03-01 19:16:02 CET";38;38
1519928282;;;;;;;"ID B";1123879;"Thu 2018-03-01 19:18:02 CET";91;91
1519928402;;;;;;;"ID B";1123970;"Thu 2018-03-01 19:20:02 CET";208;208
1519928559;;;;;;;"ID B";1124178;"Thu 2018-03-01 19:22:39 CET";139;139
1519928642;;;;;;;"ID B";1124317;"Thu 2018-03-01 19:24:02 CET";150;150
1519928762;;;;;;;"ID B";1124467;"Thu 2018-03-01 19:26:02 CET";138;138
1519928882;;;;;;;"ID B";1124605;"Thu 2018-03-01 19:28:02 CET";39;39
1519929002;;;;;;;"ID B";1124644;"Thu 2018-03-01 19:30:02 CET";38;38
1519929122;;;;;;;"ID B";1124682;"Thu 2018-03-01 19:32:02 CET";39;39
1519929242;;;;;;;"ID B";1124721;"Thu 2018-03-01 19:34:02 CET";39;39
1519929362;;;;;;;"ID B";1124760;"Thu 2018-03-01 19:36:02 CET";39;39
1519929482;;;;;;;"ID B";1124799;"Thu 2018-03-01 19:38:02 CET";39;39
1519929603;;;;;;;"ID B";1124838;"Thu 2018-03-01 19:40:03 CET";38;38
1519929722;;;;;;;"ID B";1124876;"Thu 2018-03-01 19:42:02 CET";39;39
1519929842;;;;;;;"ID B";1124915;"Thu 2018-03-01 19:44:02 CET";39;39
1519929962;;;;;;;"ID B";1124954;"Thu 2018-03-01 19:46:02 CET";39;39
1519930082;;;;;;;"ID B";1124993;"Thu 2018-03-01 19:48:02 CET";39;39
1519930202;;;;;;;"ID B";1125032;"Thu 2018-03-01 19:50:02 CET";39;39
1519930322;;;;;;;"ID B";1125071;"Thu 2018-03-01 19:52:02 CET";38;38
1519930442;;;;;;;"ID B";1125109;"Thu 2018-03-01 19:54:02 CET";37;37
1519930562;;;;;;;"ID B";1125146;"Thu 2018-03-01 19:56:02 CET";138;138
1519930682;;;;;;;"ID B";1125284;"Thu 2018-03-01 19:58:02 CET";143;143
1519930802;;;;;;;"ID B";1125427;"Thu 2018-03-01 20:00:02 CET";109;109
1519930905;;;;;;;"ID B";1125536;"Thu 2018-03-01 20:01:45 CET";6;6
1519930922;;;;;;;"ID B";1125542;"Thu 2018-03-01 20:02:02 CET";38;38
1519931042;;;;;;;"ID B";1125580;"Thu 2018-03-01 20:04:02 CET";40;40
1519931162;;;;;;;"ID B";1125620;"Thu 2018-03-01 20:06:02 CET";167;167
1519931282;;;;;;;"ID B";1125787;"Thu 2018-03-01 20:08:02 CET";195;195
1519931402;;;;;;;"ID B";1125982;"Thu 2018-03-01 20:10:02 CET";39;39
1519931522;;;;;;;"ID B";1126021;"Thu 2018-03-01 20:12:02 CET";39;39
1519931642;;;;;;;"ID B";1126060;"Thu 2018-03-01 20:14:02 CET";38;38
1519931762;;;;;;;"ID B";1126098;"Thu 2018-03-01 20:16:02 CET";39;39
1519931882;;;;;;;"ID B";1126137;"Thu 2018-03-01 20:18:02 CET";39;39
1519932002;;;;;;;"ID B";1126176;"Thu 2018-03-01 20:20:02 CET";38;38
1519932122;;;;;;;"ID B";1126214;"Thu 2018-03-01 20:22:02 CET";38;38
1519932242;;;;;;;"ID B";1126252;"Thu 2018-03-01 20:24:02 CET";39;39
1519932362;;;;;;;"ID B";1126291;"Thu 2018-03-01 20:26:02 CET";39;39
1519932482;;;;;;;"ID B";1126330;"Thu 2018-03-01 20:28:02 CET";39;39
1519932602;;;;;;;"ID B";1126369;"Thu 2018-03-01 20:30:02 CET";38;38
1519932722;;;;;;;"ID B";1126407;"Thu 2018-03-01 20:32:02 CET";38;38
1519932842;;;;;;;"ID B";1126445;"Thu 2018-03-01 20:34:02 CET";38;38
1519932962;;;;;;;"ID B";1126483;"Thu 2018-03-01 20:36:02 CET";38;38
1519933082;;;;;;;"ID B";1126521;"Thu 2018-03-01 20:38:02 CET";37;37
1519933200;;;;;;;"ID B";1126558;"Thu 2018-03-01 20:40:00 CET";50;50
1519933358;;;;;;;"ID B";1126608;"Thu 2018-03-01 20:42:38 CET";27;27
1519933442;;;;;;;"ID B";1126635;"Thu 2018-03-01 20:44:02 CET";38;38
1519933562;;;;;;;"ID B";1126673;"Thu 2018-03-01 20:46:02 CET";38;38
1519933682;;;;;;;"ID B";1126711;"Thu 2018-03-01 20:48:02 CET";38;38
1519933802;;;;;;;"ID B";1126749;"Thu 2018-03-01 20:50:02 CET";38;38
1519933922;;;;;;;"ID B";1126787;"Thu 2018-03-01 20:52:02 CET";7;7
1519934042;;;;;;;"ID B";1126794;"Thu 2018-03-01 20:54:02 CET";0
1519934162;;;;;;;"ID B";1126794;"Thu 2018-03-01 20:56:02 CET";0
1519934282;;;;;;;"ID B";1126794;"Thu 2018-03-01 20:58:02 CET";0
1519934402;;;;;;;"ID B";1126794;"Thu 2018-03-01 21:00:02 CET";0
1519934522;;;;;;;"ID B";1126794;"Thu 2018-03-01 21:02:02 CET";0
1519934642;;;;;;;"ID B";1126794;"Thu 2018-03-01 21:04:02 CET";0
1519934762;;;;;;;"ID B";1126794;"Thu 2018-03-01 21:06:02 CET";0
1519934882;;;;;;;"ID B";1126794;"Thu 2018-03-01 21:08:02 CET";0
1519935002;;;;;;;"ID B";1126794;"Thu 2018-03-01 21:10:02 CET";0
1519935122;;;;;;;"ID B";1126794;"Thu 2018-03-01 21:12:02 CET";0
1519935242;;;;;;;"ID B";1126794;"Thu 2018-03-01 21:14:02 CET";0
1519935362;;;;;;;"ID B";1126794;"Thu 2018-03-01 21:16:02 CET";0
1519935482;;;;;;;"ID B";1126794;"Thu 2018-03-01 21:18:02 CET";0
1519935602;;;;;;;"ID B";1126794;"Thu 2018-03-01 21:20:02 CET";0
1519935752;;;;;;;"ID B";1126794;"Thu 2018-03-01 21:22:32 CET";0
1519935842;;;;;;;"ID B";1126794;"Thu 2018-03-01 21:24:02 CET";0
1519935962;;;;;;;"ID B";1126794;"Thu 2018-03-01 21:26:02 CET";0
1519936082;;;;;;;"ID B";1126794;"Thu 2018-03-01 21:28:02 CET";0
1519936202;;;;;;;"ID B";1126794;"Thu 2018-03-01 21:30:02 CET";0
1519936322;;;;;;;"ID B";1126794;"Thu 2018-03-01 21:32:02 CET";1
1519936442;;;;;;;"ID B";1126795;"Thu 2018-03-01 21:34:02 CET";0
1519936562;;;;;;;"ID B";1126795;"Thu 2018-03-01 21:36:02 CET";0
1519936682;;;;;;;"ID B";1126795;"Thu 2018-03-01 21:38:02 CET";0
1519936802;;;;;;;"ID B";1126795;"Thu 2018-03-01 21:40:02 CET";0
1519936922;;;;;;;"ID B";1126795;"Thu 2018-03-01 21:42:02 CET";0
1519937042;;;;;;;"ID B";1126795;"Thu 2018-03-01 21:44:02 CET";0
1519937162;;;;;;;"ID B";1126795;"Thu 2018-03-01 21:46:02 CET";0
1519937282;;;;;;;"ID B";1126795;"Thu 2018-03-01 21:48:02 CET";0
1519937402;;;;;;;"ID B";1126795;"Thu 2018-03-01 21:50:02 CET";0
1519937522;;;;;;;"ID B";1126795;"Thu 2018-03-01 21:52:02 CET";0
1519937642;;;;;;;"ID B";1126795;"Thu 2018-03-01 21:54:02 CET";0
1519937762;;;;;;;"ID B";1126795;"Thu 2018-03-01 21:56:02 CET";0
1519937882;;;;;;;"ID B";1126795;"Thu 2018-03-01 21:58:02 CET";0
1519938000;;;;;;;"ID B";1126795;"Thu 2018-03-01 22:00:00 CET";0
1519938114;;;;;;;"ID B";1126795;"Thu 2018-03-01 22:01:54 CET";0
1519938122;;;;;;;"ID B";1126795;"Thu 2018-03-01 22:02:02 CET";0
1519938242;;;;;;;"ID B";1126795;"Thu 2018-03-01 22:04:02 CET";0
1519938362;;;;;;;"ID B";1126795;"Thu 2018-03-01 22:06:02 CET";0
1519938482;;;;;;;"ID B";1126795;"Thu 2018-03-01 22:08:02 CET";0
1519938602;;;;;;;"ID B";1126795;"Thu 2018-03-01 22:10:02 CET";0
1519938722;;;;;;;"ID B";1126795;"Thu 2018-03-01 22:12:02 CET";0
1519938842;;;;;;;"ID B";1126795;"Thu 2018-03-01 22:14:02 CET";0
1519938962;;;;;;;"ID B";1126795;"Thu 2018-03-01 22:16:02 CET";0
1519939082;;;;;;;"ID B";1126795;"Thu 2018-03-01 22:18:02 CET";0
1519939202;;;;;;;"ID B";1126795;"Thu 2018-03-01 22:20:02 CET";1
1519939322;;;;;;;"ID B";1126796;"Thu 2018-03-01 22:22:02 CET";0
1519939442;;;;;;;"ID B";1126796;"Thu 2018-03-01 22:24:02 CET";0
1519939562;;;;;;;"ID B";1126796;"Thu 2018-03-01 22:26:02 CET";0
1519939682;;;;;;;"ID B";1126796;"Thu 2018-03-01 22:28:02 CET";0
1519939802;;;;;;;"ID B";1126796;"Thu 2018-03-01 22:30:02 CET";0
1519939922;;;;;;;"ID B";1126796;"Thu 2018-03-01 22:32:02 CET";0
1519940042;;;;;;;"ID B";1126796;"Thu 2018-03-01 22:34:02 CET";0
1519940162;;;;;;;"ID B";1126796;"Thu 2018-03-01 22:36:02 CET";0
1519940282;;;;;;;"ID B";1126796;"Thu 2018-03-01 22:38:02 CET";0
1519940402;;;;;;;"ID B";1126796;"Thu 2018-03-01 22:40:02 CET";0
1519940562;;;;;;;"ID B";1126796;"Thu 2018-03-01 22:42:42 CET";0
1519940642;;;;;;;"ID B";1126796;"Thu 2018-03-01 22:44:02 CET";0
1519940762;;;;;;;"ID B";1126796;"Thu 2018-03-01 22:46:02 CET";0
1519940882;;;;;;;"ID B";1126796;"Thu 2018-03-01 22:48:02 CET";0
1519941002;;;;;;;"ID B";1126796;"Thu 2018-03-01 22:50:02 CET";0
1519941122;;;;;;;"ID B";1126796;"Thu 2018-03-01 22:52:02 CET";0
1519941242;;;;;;;"ID B";1126796;"Thu 2018-03-01 22:54:02 CET";0
1519941362;;;;;;;"ID B";1126796;"Thu 2018-03-01 22:56:02 CET";0
1519941482;;;;;;;"ID B";1126796;"Thu 2018-03-01 22:58:02 CET";0
1519941602;;;;;;;"ID B";1126796;"Thu 2018-03-01 23:00:02 CET";0
1519941722;;;;;;;"ID B";1126796;"Thu 2018-03-01 23:02:02 CET";1
1519941842;;;;;;;"ID B";1126797;"Thu 2018-03-01 23:04:02 CET";0
1519941962;;;;;;;"ID B";1126797;"Thu 2018-03-01 23:06:02 CET";0
1519942082;;;;;;;"ID B";1126797;"Thu 2018-03-01 23:08:02 CET";0
1519942202;;;;;;;"ID B";1126797;"Thu 2018-03-01 23:10:02 CET";0
1519942322;;;;;;;"ID B";1126797;"Thu 2018-03-01 23:12:02 CET";0
1519942442;;;;;;;"ID B";1126797;"Thu 2018-03-01 23:14:02 CET";0
1519942562;;;;;;;"ID B";1126797;"Thu 2018-03-01 23:16:02 CET";0
1519942682;;;;;;;"ID B";1126797;"Thu 2018-03-01 23:18:02 CET";0
1519942802;;;;;;;"ID B";1126797;"Thu 2018-03-01 23:20:02 CET";0
1519942943;;;;;;;"ID B";1126797;"Thu 2018-03-01 23:22:23 CET";0
1519943042;;;;;;;"ID B";1126797;"Thu 2018-03-01 23:24:02 CET";0
1519943162;;;;;;;"ID B";1126797;"Thu 2018-03-01 23:26:02 CET";0
1519943282;;;;;;;"ID B";1126797;"Thu 2018-03-01 23:28:02 CET";0
1519943403;;;;;;;"ID B";1126797;"Thu 2018-03-01 23:30:03 CET";0
1519943522;;;;;;;"ID B";1126797;"Thu 2018-03-01 23:32:02 CET";0
1519943642;;;;;;;"ID B";1126797;"Thu 2018-03-01 23:34:02 CET";0
1519943762;;;;;;;"ID B";1126797;"Thu 2018-03-01 23:36:02 CET";0
1519943882;;;;;;;"ID B";1126797;"Thu 2018-03-01 23:38:02 CET";0
1519944002;;;;;;;"ID B";1126797;"Thu 2018-03-01 23:40:02 CET";0
1519944122;;;;;;;"ID B";1126797;"Thu 2018-03-01 23:42:02 CET";1
1519944242;;;;;;;"ID B";1126798;"Thu 2018-03-01 23:44:02 CET";0
1519944362;;;;;;;"ID B";1126798;"Thu 2018-03-01 23:46:02 CET";0
1519944482;;;;;;;"ID B";1126798;"Thu 2018-03-01 23:48:02 CET";0
1519944602;;;;;;;"ID B";1126798;"Thu 2018-03-01 23:50:02 CET";0
1519944722;;;;;;;"ID B";1126798;"Thu 2018-03-01 23:52:02 CET";0
1519944842;;;;;;;"ID B";1126798;"Thu 2018-03-01 23:54:02 CET";0
1519944962;;;;;;;"ID B";1126798;"Thu 2018-03-01 23:56:02 CET";0
1519945082;;;;;;;"ID B";1126798;"Thu 2018-03-01 23:58:02 CET";0
1519945203;;;;;;;"ID B";1126798;"Fri 2018-03-02 00:00:03 CET";0
1519945304;;;;;;;"ID B";1126798;"Fri 2018-03-02 00:01:44 CET";0
1519945322;;;;;;;"ID B";1126798;"Fri 2018-03-02 00:02:02 CET";0
1519945442;;;;;;;"ID B";1126798;"Fri 2018-03-02 00:04:02 CET";0
1519945562;;;;;;;"ID B";1126798;"Fri 2018-03-02 00:06:02 CET";0
1519945682;;;;;;;"ID B";1126798;"Fri 2018-03-02 00:08:02 CET";0
1519945802;;;;;;;"ID B";1126798;"Fri 2018-03-02 00:10:02 CET";0
1519945922;;;;;;;"ID B";1126798;"Fri 2018-03-02 00:12:02 CET";0
1519946042;;;;;;;"ID B";1126798;"Fri 2018-03-02 00:14:02 CET";0
1519946162;;;;;;;"ID B";1126798;"Fri 2018-03-02 00:16:02 CET";0
1519946282;;;;;;;"ID B";1126798;"Fri 2018-03-02 00:18:02 CET";0
1519946403;;;;;;;"ID B";1126798;"Fri 2018-03-02 00:20:03 CET";1
1519946522;;;;;;;"ID B";1126799;"Fri 2018-03-02 00:22:02 CET";0
1519946642;;;;;;;"ID B";1126799;"Fri 2018-03-02 00:24:02 CET";0
1519946762;;;;;;;"ID B";1126799;"Fri 2018-03-02 00:26:02 CET";0
1519946882;;;;;;;"ID B";1126799;"Fri 2018-03-02 00:28:02 CET";0
1519947002;;;;;;;"ID B";1126799;"Fri 2018-03-02 00:30:02 CET";0
1519947122;;;;;;;"ID B";1126799;"Fri 2018-03-02 00:32:02 CET";0
1519947242;;;;;;;"ID B";1126799;"Fri 2018-03-02 00:34:02 CET";0
1519947362;;;;;;;"ID B";1126799;"Fri 2018-03-02 00:36:02 CET";0
1519947482;;;;;;;"ID B";1126799;"Fri 2018-03-02 00:38:02 CET";0
1519947602;;;;;;;"ID B";1126799;"Fri 2018-03-02 00:40:02 CET";0
1519947706;;;;;;;"ID B";1126799;"Fri 2018-03-02 00:41:46 CET";0
1519947722;;;;;;;"ID B";1126799;"Fri 2018-03-02 00:42:02 CET";0
1519947842;;;;;;;"ID B";1126799;"Fri 2018-03-02 00:44:02 CET";0
1519947962;;;;;;;"ID B";1126799;"Fri 2018-03-02 00:46:02 CET";0
1519948082;;;;;;;"ID B";1126799;"Fri 2018-03-02 00:48:02 CET";0
1519948202;;;;;;;"ID B";1126799;"Fri 2018-03-02 00:50:02 CET";0
1519948322;;;;;;;"ID B";1126799;"Fri 2018-03-02 00:52:02 CET";0
1519948442;;;;;;;"ID B";1126799;"Fri 2018-03-02 00:54:02 CET";0
1519948562;;;;;;;"ID B";1126799;"Fri 2018-03-02 00:56:02 CET";0
1519948682;;;;;;;"ID B";1126799;"Fri 2018-03-02 00:58:02 CET";0
1519948682;;;;;;;"ID B";1126799;"Fri 2018-03-02 00:58:02 CET";